name,group,calorie,carbohydrate,protein,lipid,salt
えんばく・オートミール,1,380,69.1,13.7,5.7,0
おおむぎ・七分つき押麦,1,341,72.1,10.9,2.1,0
おおむぎ・押麦,1,340,77.8,6.2,1.3,0
おおむぎ・米粒麦,1,343,76.2,7,2.1,0
おおむぎ・大麦めん・乾,1,339,68,12.9,1.7,2.8
おおむぎ・大麦めん・ゆで,1,122,24.3,4.8,0.6,0.2
おおむぎ・麦こがし,1,391,77.1,12.5,5,0
きび・精白粒,1,363,70.9,11.3,3.3,0
こむぎ・国産・普通,1,337,72.2,10.6,3.1,0
こむぎ・輸入・軟質,1,348,75.2,10.1,3.3,0
こむぎ・輸入・硬質,1,334,69.4,13,3,0
こむぎ・薄力粉・1等,1,367,75.8,8.3,1.5,0
こむぎ・薄力粉・2等,1,368,74.3,9.3,1.9,0
こむぎ・中力粉・1等,1,367,75.1,9,1.6,0
こむぎ・中力粉・2等,1,368,74,9.7,1.8,0
こむぎ・強力粉・1等,1,365,71.7,11.8,1.5,0
こむぎ・強力粉・2等,1,366,70.6,12.6,1.7,0
こむぎ・強力粉・全粒粉,1,328,68.2,12.8,2.9,0
こむぎ・プレミックス粉・お好み焼き用,1,352,73.6,10.1,1.9,3.7
こむぎ・プレミックス粉・ホットケーキ用,1,365,74.4,7.8,4,1
こむぎ・プレミックス粉・から揚げ用,1,331,70,10.2,1.2,9.7
こむぎ・プレミックス粉・天ぷら用,1,351,76.1,8.8,1.3,0.5
こむぎ・食パン,1,264,46.7,9.3,4.4,1.3
こむぎ・コッペパン,1,265,49.1,8.5,3.8,1.3
こむぎ・乾パン,1,393,78.8,9.5,4.4,1.2
こむぎ・フランスパン,1,279,57.5,9.4,1.3,1.6
こむぎ・ライ麦パン,1,264,52.7,8.4,2.2,1.2
こむぎ・ぶどうパン,1,269,51.1,8.2,3.5,1
こむぎ・ロールパン,1,316,48.6,10.1,9,1.2
こむぎ・クロワッサン,1,448,43.9,7.9,26.8,1.2
こむぎ・イングリッシュマフィン,1,228,40.8,8.1,3.6,1.2
こむぎ・ナン,1,262,47.6,10.3,3.4,1.3
こむぎ・ベーグル,1,275,54.6,9.6,2,1.2
こむぎ・うどん・生,1,270,56.8,6.1,0.6,2.5
こむぎ・うどん・ゆで,1,105,21.6,2.6,0.4,0.3
こむぎ・干しうどん・乾,1,348,71.9,8.5,1.1,4.3
こむぎ・干しうどん・ゆで,1,126,25.8,3.1,0.5,0.5
こむぎ・そうめん・ひやむぎ・乾,1,356,72.7,9.5,1.1,3.8
こむぎ・そうめん・ひやむぎ・ゆで,1,127,25.8,3.5,0.4,0.2
こむぎ・手延そうめん・手延ひやむぎ・乾,1,342,68.9,9.3,1.5,5.8
こむぎ・手延そうめん・手延ひやむぎ・ゆで,1,127,25.5,3.5,0.6,0.3
こむぎ・中華めん・生,1,281,55.7,8.6,1.2,1
こむぎ・中華めん・ゆで,1,149,29.2,4.9,0.6,0.2
こむぎ・蒸し中華めん,1,198,38.4,5.3,1.7,0.4
こむぎ・干し中華めん・乾,1,365,73,10.5,1.6,1.3
こむぎ・干し中華めん・ゆで,1,140,28.1,4.1,0.5,0.2
こむぎ・沖縄そば・生,1,284,54.2,9.2,2,2.1
こむぎ・沖縄そば・ゆで,1,147,28,5.2,0.8,0.4
こむぎ・干し沖縄そば・乾,1,351,67.8,12,1.7,4.3
こむぎ・干し沖縄そば・ゆで,1,148,28.6,5.2,0.6,0.5
こむぎ・即席中華めん・油揚げ味付け,1,445,63.5,10.1,16.7,6.4
こむぎ・即席中華めん・油揚げ,1,458,61.4,10.1,19.1,5.6
こむぎ・即席中華めん・非油揚げ,1,356,67.1,10.3,5.2,6.9
こむぎ・中華スタイル即席カップめん・油揚げ,1,448,56.9,10.7,19.7,6.9
こむぎ・中華スタイル即席カップめん・油揚げ・焼きそば,1,436,58.1,8.4,18.9,3.8
こむぎ・中華スタイル即席カップめん・非油揚げ,1,342,62.2,9,6.4,6.9
こむぎ・和風スタイル即席カップめん・油揚げ,1,451,56.6,10.9,20.1,6.9
こむぎ・マカロニ・スパゲッティ・乾,1,379,73.9,12.2,1.9,0
こむぎ・マカロニ・スパゲッティ・ゆで,1,165,32,5.4,0.9,1.2
こむぎ・生パスタ・生,1,247,46.9,7.8,1.9,1.2
こむぎ・生ふ,1,163,26.2,12.7,0.8,0
こむぎ・焼きふ・釜焼きふ,1,385,56.9,28.5,2.7,0
こむぎ・焼きふ・板ふ,1,379,57.3,25.6,3.3,0.5
こむぎ・焼きふ・車ふ,1,387,54.2,30.2,3.4,0.3
こむぎ・小麦はいが,1,426,48.3,32,11.6,0
こむぎ・小麦たんぱく・粉末状,1,437,10.6,72,9.7,0.2
こむぎ・小麦たんぱく・粒状,1,111,1.8,20,2,0.1
こむぎ・小麦たんぱく・ペースト状,1,159,3.9,25,4.1,0.6
こむぎ・ぎょうざの皮,1,291,57,9.3,1.4,0
こむぎ・しゅうまいの皮,1,295,58.9,8.3,1.4,0
こむぎ・ピザ生地,1,268,51.1,9.1,3,1.3
こむぎ・ちくわぶ,1,171,31.1,7.1,1.2,0
こむぎ・パン粉・生,1,280,47.6,11,5.1,0.9
こむぎ・パン粉・半生,1,319,54.3,12.5,5.8,1
こむぎ・パン粉・乾燥,1,373,63.4,14.6,6.8,1.2
こむぎ・冷めん・生,1,252,57.6,3.9,0.7,1.3
こめ・玄米,1,353,74.3,6.8,2.7,0
こめ・半つき米,1,356,75.9,6.5,1.8,0
こめ・七分つき米,1,359,76.6,6.3,1.5,0
こめ・精白米・うるち米,1,358,77.6,6.1,0.9,0
こめ・精白米・もち米,1,359,77.2,6.4,1.2,0
こめ・精白米・インディカ米,1,369,79.1,7.5,0.8,0
こめ・はいが精米,1,357,75.8,6.5,2,0
こめ・発芽玄米,1,356,74.3,6.5,3.3,0
こめ・玄米,1,165,35.6,2.8,1,0
こめ・半つき米,1,167,36.4,2.7,0.6,0
こめ・七分つき米,1,168,36.7,2.6,0.5,0
こめ・精白米・うるち米,1,168,37.1,2.5,0.3,0
こめ・精白米・もち米,1,202,43.9,3.5,0.5,0
こめ・はいが精米,1,167,36.4,2.7,0.6,0
こめ・発芽玄米,1,167,35,3,1.4,0
こめ・玄米,1,70,15.2,1.2,0.4,0
こめ・半つき米,1,71,15.5,1.1,0.3,0
こめ・七分つき米,1,71,15.6,1.1,0.2,0
こめ・精白米,1,71,15.7,1.1,0.1,0
こめ・玄米,1,35,7.6,0.6,0.2,0
こめ・半つき米,1,35,7.7,0.6,0.1,0
こめ・七分つき米,1,35,7.7,0.6,0.1,0
こめ・精白米,1,36,7.9,0.5,0.1,0
こめ・玄米,1,20,4.4,0.4,0.1,0
こめ・半つき米,1,21,4.6,0.3,0.1,0
こめ・七分つき米,1,21,4.6,0.3,0.1,0
こめ・精白米,1,21,4.7,0.3,0,0
こめ・玄米,1,351,71.1,10.1,2.7,0
こめ・半つき米,1,355,72.9,9.6,1.8,0
こめ・七分つき米,1,358,73.4,9.5,1.5,0
こめ・精白米,1,357,74.5,9.3,0.9,0
こめ・玄米,1,164,34.3,4.1,1,0
こめ・半つき米,1,166,35.3,3.8,0.6,0
こめ・七分つき米,1,168,35.7,3.6,0.5,0
こめ・精白米,1,168,36.1,3.5,0.3,0
こめ・アルファ化米・一般用,1,388,84.8,6,1,0
こめ・アルファ化米・学校給食用強化品,1,388,84.8,6,1,0
こめ・おにぎり,1,179,39.4,2.7,0.3,0.5
こめ・焼きおにぎり,1,181,39.5,3.1,0.3,1
こめ・きりたんぽ,1,210,46.2,3.2,0.4,0
こめ・上新粉,1,362,78.5,6.2,0.9,0
こめ・玄米粉,1,395,84.1,7.1,2.9,0
こめ・米粉,1,374,81.9,6,0.7,0
こめ・米粉パン,1,255,51.3,3.4,3.1,0.9
こめ・米粉めん,1,265,58.4,3.6,0.7,0.1
こめ・ビーフン,1,377,79.9,7,1.6,0
こめ・米こうじ,1,286,59.2,5.8,1.7,0
こめ・もち,1,234,50.8,4,0.6,0
こめ・赤飯,1,190,41.9,4.3,0.6,0
こめ・あくまき,1,132,25.7,2.3,1.8,0
こめ・白玉粉,1,369,80,6.3,1,0
こめ・道明寺粉,1,372,80.4,7.1,0.7,0
こめ・米ぬか,1,412,48.8,13.4,19.6,0
そば・そば粉・全層粉,1,361,69.6,12,3.1,0
そば・そば粉・内層粉,1,359,77.6,6,1.6,0
そば・そば粉・中層粉,1,360,71.6,10.2,2.7,0
そば・そば粉・表層粉,1,358,65.1,15,3.6,0
そば・そば米,1,364,73.7,9.6,2.5,0
そば・そば・生,1,274,54.5,9.8,1.9,0
そば・そば・ゆで,1,132,26,4.8,1,0
そば・干しそば・乾,1,344,66.7,14,2.3,2.2
そば・干しそば・ゆで,1,114,22.1,4.8,0.7,0.1
とうもろこし・玄穀・黄色種,1,350,70.6,8.6,5,0
とうもろこし・玄穀・白色種,1,350,70.6,8.6,5,0
とうもろこし・コーンミール・黄色種,1,363,72.4,8.3,4,0
とうもろこし・コーンミール・白色種,1,363,72.4,8.3,4,0
とうもろこし・コーングリッツ・黄色種,1,355,76.4,8.2,1,0
とうもろこし・コーングリッツ・白色種,1,355,76.4,8.2,1,0
とうもろこし・コーンフラワー・黄色種,1,363,76.1,6.6,2.8,0
とうもろこし・コーンフラワー・白色種,1,363,76.1,6.6,2.8,0
とうもろこし・ジャイアントコーン・フライ・味付け,1,435,76.6,5.7,11.8,1.1
とうもろこし・ポップコーン,1,484,59.6,10.2,22.8,1.4
とうもろこし・コーンフレーク,1,381,83.6,7.8,1.7,2.1
はとむぎ・精白粒,1,360,72.2,13.3,1.3,0
ひえ・精白粒,1,366,73.2,9.4,3.3,0
もろこし・玄穀,1,352,71.1,10.3,4.7,0
もろこし・精白粒,1,364,74.1,9.5,2.6,0
ライむぎ・全粒粉,1,334,70.7,12.7,2.7,0
ライむぎ・ライ麦粉,1,351,75.8,8.5,1.6,0
穀類混合品・五穀,1,357,70.2,12.6,2.8,0
きくいも・塊茎・生,2,35,14.7,1.9,0.4,0
きくいも・塊茎・水煮,2,28,11.3,1.6,0.5,0
こんにゃく・精粉,2,177,85.3,3,0.1,0
こんにゃく・板こんにゃく・精粉こんにゃく,2,5,2.3,0.1,0,0
こんにゃく・板こんにゃく・生いもこんにゃく,2,7,3.3,0.1,0.1,0
こんにゃく・赤こんにゃく,2,5,2.5,0.1,0,0
こんにゃく・凍みこんにゃく・乾,2,167,77.1,3.3,1.4,0.1
こんにゃく・凍みこんにゃく・ゆで,2,36,16.8,0.7,0.3,0
こんにゃく・しらたき,2,6,3,0.2,0,0
さつまいも・塊根・皮むき・生,2,134,31.9,1.2,0.2,0
さつまいも・塊根・皮むき・蒸し,2,134,31.9,1.2,0.2,0
さつまいも・塊根・皮むき・焼き,2,163,39,1.4,0.2,0
さつまいも・塊根・皮つき・生,2,140,33.1,0.9,0.5,0.1
さつまいも・塊根・皮つき・蒸し,2,140,33.7,0.9,0.2,0.1
さつまいも・塊根・皮つき・天ぷら,2,221,38.4,1.4,6.8,0.1
さつまいも・蒸し切干,2,303,71.9,3.1,0.6,0
むらさきいも・塊根・皮むき・生,2,133,31.7,1.2,0.3,0.1
むらさきいも・塊根・皮むき・蒸し,2,132,31.4,1.2,0.3,0.1
さといも・球茎・生,2,58,13.1,1.5,0.1,0
さといも・球茎・水煮,2,59,13.4,1.5,0.1,0
さといも・球茎・冷凍,2,72,16.1,2.2,0.1,0
セレベス・球茎・生,2,89,19.8,2.2,0.3,0
セレベス・球茎・水煮,2,85,19.1,2.1,0.3,0
たけのこいも・球茎・生,2,103,23.5,1.7,0.4,0
たけのこいも・球茎・水煮,2,96,21.8,1.6,0.4,0
みずいも・球茎・生,2,117,27.6,0.7,0.4,0
みずいも・球茎・水煮,2,110,26.1,0.7,0.4,0
やつがしら・球茎・生,2,97,20.5,3,0.7,0
やつがしら・球茎・水煮,2,93,20,2.7,0.6,0
じゃがいも・塊茎・生,2,76,17.6,1.6,0.1,0
じゃがいも・塊茎・蒸し,2,84,19.7,1.5,0.1,0
じゃがいも・塊茎・水煮,2,73,16.8,1.5,0.1,0
じゃがいも・フライドポテト,2,237,32.4,2.9,10.6,0
じゃがいも・乾燥マッシュポテト,2,357,82.8,6.6,0.6,0.2
ヤーコン・塊根・生,2,54,12.4,0.6,0.3,0
ヤーコン・塊根・水煮,2,44,9.9,0.6,0.3,0
ながいも・いちょういも・塊根・生,2,108,22.6,4.5,0.5,0
ながいも・ながいも・塊根・生,2,65,13.9,2.2,0.3,0
ながいも・ながいも・塊根・水煮,2,59,12.6,2,0.3,0
ながいも・やまといも・塊根・生,2,123,27.1,4.5,0.2,0
じねんじょ・塊根・生,2,121,26.7,2.8,0.7,0
だいじょ・塊根・生,2,109,25,2.6,0.1,0.1
キャッサバでん粉,2,346,85.3,0.1,0.2,0
くずでん粉,2,347,85.6,0.2,0.2,0
米でん粉,2,366,89.3,0.2,0.7,0
小麦でん粉,2,351,86,0.2,0.5,0
サゴでん粉,2,349,86.1,0.1,0.2,0
さつまいもでん粉,2,332,82,0.1,0.2,0
じゃがいもでん粉,2,330,81.6,0.1,0.1,0
とうもろこしでん粉,2,354,86.3,0.1,0.7,0
くずきり・乾,2,356,87.7,0.2,0.2,0
くずきり・ゆで,2,135,33.3,0.1,0.1,0
ごま豆腐,2,81,9.1,1.5,4.3,0
タピオカパール・乾,2,355,87.8,0,0.2,0
タピオカパール・ゆで,2,62,15.4,0,0,0
でん粉めん・生,2,131,32.2,0.1,0.2,0
でん粉めん・乾,2,353,86.7,0.2,0.3,0.1
でん粉めん・乾・ゆで,2,84,20.6,0,0.2,0
はるさめ・緑豆はるさめ・乾,2,356,87.5,0.2,0.4,0
はるさめ・緑豆はるさめ・ゆで,2,84,20.6,0,0.1,0
はるさめ・普通はるさめ・乾,2,350,86.6,0,0.2,0
はるさめ・普通はるさめ・ゆで,2,80,19.9,0,0,0
黒砂糖,3,354,89.7,1.7,0,0.1
和三盆糖,3,383,98.8,0.2,0,0
車糖・上白糖,3,384,99.2,0,0,0
車糖・三温糖,3,382,98.7,0,0,0
ざらめ糖・グラニュー糖,3,387,100,0,0,0
ざらめ糖・白ざら糖,3,387,100,0,0,0
ざらめ糖・中ざら糖,3,387,100,0,0,0
加工糖・角砂糖,3,387,100,0,0,0
加工糖・氷砂糖,3,387,100,0,0,0
加工糖・コーヒーシュガー,3,387,99.9,0.1,0,0
加工糖・粉糖,3,386,99.7,0,0,0
液糖・しょ糖型液糖,3,271,70,0,0,0
液糖・転化型液糖,3,307,79.3,0,0,0
氷糖みつ,3,265,68.2,0.2,0,0
粉あめ,3,381,97,0,0,0
水あめ・酵素糖化,3,328,85,0,0,0
水あめ・酸糖化,3,328,85,0,0,0
ぶどう糖・全糖,3,335,91,0,0,0
ぶどう糖・含水結晶,3,336,91.3,0,0,0
ぶどう糖・無水結晶,3,367,99.7,0,0,0
果糖,3,368,99.9,0,0,0
異性化液糖・ぶどう糖果糖液糖,3,276,75,0,0,0
異性化液糖・果糖ぶどう糖液糖,3,276,75,0,0,0
異性化液糖・高果糖液糖,3,276,75,0,0,0
黒蜜,3,199,50.5,1,0,0
はちみつ,3,294,79.7,0.2,0,0
メープルシロップ,3,257,66.3,0.1,0,0
あずき・全粒・乾,4,339,58.7,20.3,2.2,0
あずき・全粒・ゆで,4,143,24.2,8.9,1,0
あずき・ゆで小豆缶詰,4,218,49.2,4.4,0.4,0.2
あずき・あん・こしあん,4,155,27.1,9.8,0.6,0
あずき・あん・さらしあん,4,385,66.8,26.2,1,0
あずき・あん・つぶしあん,4,244,54,5.6,0.6,0.1
いんげんまめ・全粒・乾,4,333,57.8,19.9,2.2,0
いんげんまめ・全粒・ゆで,4,143,24.8,8.5,1,0
いんげんまめ・うずら豆,4,237,49.6,6.7,1.3,0.3
いんげんまめ・こしあん,4,155,27,9.4,0.9,0
いんげんまめ・豆きんとん,4,249,56.2,4.9,0.5,0.3
えんどう・全粒・青えんどう・乾,4,352,60.4,21.7,2.3,0
えんどう・全粒・赤えんどう・乾,4,352,60.4,21.7,2.3,0
えんどう・全粒・青えんどう・ゆで,4,148,25.2,9.2,1,0
えんどう・全粒・赤えんどう・ゆで,4,148,25.2,9.2,1,0
えんどう・グリンピース・,4,423,58.8,20.8,11.6,0.9
えんどう・塩豆,4,364,61.5,23.3,2.4,1.5
えんどう・うぐいす豆,4,240,52.9,5.6,0.7,0.4
ささげ・全粒・乾,4,336,55,23.9,2,0
ささげ・全粒・ゆで,4,145,23.8,10.2,0.9,0
そらまめ・全粒・乾,4,348,55.9,26,2,0
そらまめ・フライビーンズ,4,472,46.4,24.7,20.8,1.8
そらまめ・おたふく豆,4,251,52.2,7.9,1.2,0.4
そらまめ・ふき豆,4,263,52.5,9.6,1.6,0.8
そらまめ・しょうゆ豆,4,196,37.1,9.8,0.9,1.2
だいず・全粒・国産・黄大豆・乾,4,422,29.5,33.8,19.7,0
だいず・全粒・国産・黒大豆・乾,4,414,30.8,33.9,18.1,0
だいず・全粒・国産・黄大豆・ゆで,4,176,8.4,14.8,9.8,0
だいず・全粒・米国産・黄大豆・乾,4,433,28.8,33,21.7,0
だいず・全粒・中国産・黄大豆・乾,4,422,30.8,32.8,19.5,0
だいず・全粒・ブラジル産・黄大豆・乾,4,451,30.7,33.6,22.6,0
だいず・いり大豆・黄大豆,4,439,33.3,37.5,21.6,0
だいず・いり大豆・黒大豆,4,442,34.3,36.4,22,0
だいず・いり大豆・青大豆,4,435,33.9,37.7,20.7,0
だいず・水煮缶詰・黄大豆,4,140,7.7,12.9,6.7,0.5
だいず・蒸し大豆・黄大豆,4,205,13.8,16.6,9.8,0.6
だいず・きな粉・全粒大豆・黄大豆,4,450,28.5,36.7,25.7,0
だいず・きな粉・全粒大豆・青大豆,4,431,29.3,37,22.8,0
だいず・きな粉・脱皮大豆・黄大豆,4,451,29.5,37.5,25.1,0
だいず・大豆はいが,4,442,39.5,37.8,14.7,0
だいず・ぶどう豆,4,289,37,14.1,9.4,1.6
だいず・木綿豆腐,4,72,1.6,6.6,4.2,0.1
だいず・絹ごし豆腐,4,56,2,4.9,3,0
だいず・ソフト豆腐,4,59,2,5.1,3.3,0
だいず・充てん豆腐,4,59,2.5,5,3.1,0
だいず・沖縄豆腐,4,106,0.7,9.1,7.2,0.4
だいず・ゆし豆腐,4,50,1.7,4.3,2.8,0.6
だいず・焼き豆腐,4,88,1,7.8,5.7,0
だいず・生揚げ,4,150,0.9,10.7,11.3,0
だいず・油揚げ・生,4,410,0.4,23.4,34.4,0
だいず・油揚げ・油抜き・生,4,288,0,18.2,23.4,0
だいず・油揚げ・油抜き・焼き,4,398,0.7,24.9,32.2,0
だいず・油揚げ・油抜き・ゆで,4,177,0.3,12.4,13.8,0
だいず・がんもどき,4,228,1.6,15.3,17.8,0.5
だいず・凍り豆腐・乾,4,536,4.2,50.5,34.1,1.1
だいず・凍り豆腐・水煮,4,115,1.1,10.7,7.3,0.7
だいず・豆腐よう,4,189,19.1,9.5,8.3,1.9
だいず・豆腐竹輪・蒸し,4,126,6.7,14.9,4.4,1.9
だいず・豆腐竹輪・焼き,4,139,7.5,16.1,4.9,2.3
だいず・ろくじょう豆腐,4,347,3.8,34.7,21.5,11
だいず・糸引き納豆,4,200,12.1,16.5,10,0
だいず・挽きわり納豆,4,194,10.5,16.6,10,0
だいず・五斗納豆,4,227,24,15.3,8.1,5.8
だいず・寺納豆,4,271,31.5,18.6,8.1,14.2
だいず・おから・生,4,111,13.8,6.1,3.6,0
だいず・おから・乾燥,4,421,52.3,23.1,13.6,0
だいず・豆乳・豆乳,4,46,3.1,3.6,2,0
だいず・豆乳・調製豆乳,4,64,4.8,3.2,3.6,0.1
だいず・豆乳・豆乳飲料・麦芽コーヒー,4,60,7.8,2.2,2.2,0.1
だいず・大豆たんぱく・粒状大豆たんぱく,4,360,36.7,46.3,3,0
だいず・大豆たんぱく・濃縮大豆たんぱく,4,361,27.9,58.2,1.7,1.4
だいず・大豆たんぱく・分離大豆たんぱく・塩分無調整タイプ,4,388,7.5,79.1,3,3.3
だいず・大豆たんぱく・分離大豆たんぱく・塩分調整タイプ,4,388,7.5,79.1,3,1.6
だいず・大豆たんぱく・繊維状大豆たんぱく,4,383,25.2,59.3,5,3.6
だいず・湯葉・生,4,231,4.1,21.8,13.7,0
だいず・湯葉・干し・乾,4,530,7.2,50.4,32.1,0
だいず・湯葉・干し・湯戻し,4,161,0.1,15.7,10.6,0
だいず・金山寺みそ,4,256,50,6.9,3.2,5.1
だいず・ひしおみそ,4,206,38.8,6.5,2.7,4.8
だいず・テンペ,4,202,15.4,15.8,9,0
つるあずき・全粒・乾,4,348,61.8,20.8,1.6,0
つるあずき・全粒・ゆで,4,159,27.5,9.7,1,0
ひよこまめ・全粒・乾,4,374,61.5,20,5.2,0
ひよこまめ・全粒・ゆで,4,171,27.4,9.5,2.5,0
ひよこまめ・全粒・フライ・味付け,4,419,62.6,18.8,10.4,1.8
べにばないんげん・全粒・乾,4,332,61.2,17.2,1.7,0
べにばないんげん・全粒・ゆで,4,121,22.3,6.2,0.6,0
らいまめ・全粒・乾,4,351,60.8,21.9,1.8,0
らいまめ・全粒・ゆで,4,152,26,9.6,0.9,0
りょくとう・全粒・乾,4,354,59.1,25.1,1.5,0
りょくとう・全粒・ゆで,4,137,22.5,10.2,0.6,0
レンズまめ・全粒・乾,4,352,60.7,23.2,1.5,0
レンズまめ・全粒・ゆで,4,170,29.1,11.2,0.8,0
アーモンド・乾,5,587,20.9,19.6,51.8,0
アーモンド・フライ・味付け,5,606,22.3,19.2,53.6,0.3
アーモンド・いり・無塩,5,608,20.7,20.3,54.1,0
あさ・乾,5,463,31.3,29.5,27.9,0
あまに・いり,5,564,30.5,21.9,43.5,0.2
えごま・乾,5,544,29.4,17.7,43.4,0
カシューナッツ・フライ・味付け,5,576,26.7,19.8,47.6,0.6
かぼちゃ・いり・味付け,5,574,12,26.5,51.8,0.1
かや・いり,5,665,22.6,8.7,64.9,0
ぎんなん・生,5,171,34.8,4.7,1.6,0
ぎんなん・ゆで,5,174,35.8,4.6,1.5,0
日本ぐり・生,5,164,36.9,2.8,0.5,0
日本ぐり・ゆで,5,167,36.7,3.5,0.6,0
日本ぐり・甘露煮,5,238,56.8,1.8,0.4,0
中国ぐり・甘ぐり,5,222,48.5,4.9,0.9,0
くるみ・いり,5,674,11.7,14.6,68.8,0
けし・乾,5,567,21.8,19.3,49.1,0
ココナッツ・ココナッツパウダー,5,668,23.7,6.1,65.8,0
ごま・乾,5,578,18.4,19.8,51.9,0
ごま・いり,5,599,18.5,20.3,54.2,0
ごま・むき,5,603,18.8,19.3,54.9,0
ごま・ねり,5,605,18.7,20.5,54.7,0
しい・生,5,252,57.6,3.2,0.8,0
すいか・いり・味付け,5,546,13.4,29.6,46.4,1.5
とち・蒸し,5,161,34.2,1.7,1.9,0.6
はす・未熟・生,5,85,14.9,5.9,0.5,0
はす・成熟・乾,5,344,64.3,18.3,2.3,0
はす・成熟・ゆで,5,133,25,7.3,0.8,0
ひし・生,5,190,40.6,5.8,0.5,0
ピスタチオ・いり・味付け,5,615,20.9,17.4,56.1,0.7
ひまわり・フライ・味付け,5,611,17.2,20.1,56.3,0.6
ブラジルナッツ・フライ・味付け,5,669,9.6,14.9,69.1,0.2
ヘーゼルナッツ・フライ・味付け,5,684,13.9,13.6,69.3,0.1
ペカン・フライ・味付け,5,702,13.3,9.6,73.4,0.4
マカダミアナッツ・いり・味付け,5,720,12.2,8.3,76.7,0.5
まつ・生,5,669,10.6,15.8,68.2,0
まつ・いり,5,690,8.1,14.6,72.5,0
らっかせい・乾・大粒種,5,562,18.8,25.4,47.5,0
らっかせい・乾・小粒種,5,562,18.8,25.4,47.5,0
らっかせい・いり・大粒種,5,585,19.6,26.5,49.4,0
らっかせい・いり・小粒種,5,585,19.6,26.5,49.4,0
らっかせい・バターピーナッツ,5,592,18.2,25.5,51.3,0.3
らっかせい・ピーナッツバター,5,640,20.5,25.4,50.7,0.9
アーティチョーク・花らい・生,6,48,11.3,2.3,0.2,0.1
アーティチョーク・花らい・ゆで,6,45,10.8,2.1,0.1,0
あさつき・葉・生,6,33,5.6,4.2,0.3,0
あさつき・葉・ゆで,6,39,7.3,4.2,0.3,0
あしたば・茎葉・生,6,33,6.7,3.3,0.1,0.2
あしたば・茎葉・ゆで,6,31,6.6,2.9,0.1,0.1
アスパラガス・若茎・生,6,22,3.9,2.6,0.2,0
アスパラガス・若茎・ゆで,6,24,4.6,2.6,0.1,0
アスパラガス・若茎・油いため,6,57,4.1,2.9,3.9,0
アスパラガス・水煮缶詰,6,22,4.3,2.4,0.1,0.9
アロエ・葉・生,6,3,0.7,0,0.1,0
いんげんまめ・さやいんげん・若ざや・生,6,23,5.1,1.8,0.1,0
いんげんまめ・さやいんげん・若ざや・ゆで,6,26,5.5,1.8,0.2,0
うど・茎・生,6,18,4.3,0.8,0.1,0
うど・茎・水さらし,6,14,3.4,0.6,0,0
やまうど・茎・生,6,19,4.3,1.1,0.1,0
えだまめ・生,6,135,8.8,11.7,6.2,0
えだまめ・ゆで,6,134,8.9,11.5,6.1,0
えだまめ・冷凍,6,159,10.6,13,7.6,0
エンダイブ・葉・生,6,15,2.9,1.2,0.2,0.1
トウミョウ・茎葉・生,6,27,4,3.8,0.4,0
トウミョウ・芽ばえ・生,6,24,3.2,3.8,0.4,0
トウミョウ・芽ばえ・ゆで,6,27,3.8,3.6,0.6,0
トウミョウ・芽ばえ・油いため,6,82,4.3,5,5.9,0
さやえんどう・若ざや・生,6,36,7.5,3.1,0.2,0
さやえんどう・若ざや・ゆで,6,34,7,3.2,0.2,0
スナップえんどう・若ざや・生,6,43,9.9,2.9,0.1,0
グリンピース・生,6,93,15.3,6.9,0.4,0
グリンピース・ゆで,6,110,18.5,8.3,0.2,0
グリンピース・冷凍,6,98,17.2,5.6,0.7,0.2
グリンピース・水煮缶詰,6,98,19.7,3.6,0.4,0.8
おおさかしろな・葉・生,6,13,2.2,1.4,0.2,0.1
おおさかしろな・葉・ゆで,6,17,3.1,1.6,0.3,0.1
おおさかしろな・塩漬,6,22,4.5,1.3,0.3,1.6
おかひじき・茎葉・生,6,17,3.4,1.4,0.2,0.1
おかひじき・茎葉・ゆで,6,17,3.8,1.2,0.1,0.2
オクラ・果実・生,6,30,6.6,2.1,0.2,0
オクラ・果実・ゆで,6,33,7.6,2.1,0.1,0
かぶ・葉・生,6,20,3.9,2.3,0.1,0.1
かぶ・葉・ゆで,6,22,4.4,2.3,0.1,0
かぶ・根・皮つき・生,6,20,4.6,0.7,0.1,0
かぶ・根・皮つき・ゆで,6,21,4.7,0.7,0.1,0
かぶ・根・皮むき・生,6,21,4.8,0.6,0.1,0
かぶ・根・皮むき・ゆで,6,22,5,0.6,0.1,0
かぶ・漬物・塩漬・葉,6,29,6,2.3,0.2,2.3
かぶ・漬物・塩漬・根・皮つき,6,23,4.9,1,0.2,2.8
かぶ・漬物・塩漬・根・皮むき,6,21,4.7,0.8,0.1,4.3
かぶ・漬物・ぬかみそ漬・葉,6,34,7.1,3.3,0.1,3.8
かぶ・漬物・ぬかみそ漬・根・皮つき,6,28,5.9,1.5,0.1,2.2
かぶ・漬物・ぬかみそ漬・根・皮むき,6,31,6.9,1.4,0.1,6.9
日本かぼちゃ・果実・生,6,49,10.9,1.6,0.1,0
日本かぼちゃ・果実・ゆで,6,60,13.3,1.9,0.1,0
西洋かぼちゃ・果実・生,6,91,20.6,1.9,0.3,0
西洋かぼちゃ・果実・ゆで,6,93,21.3,1.6,0.3,0
西洋かぼちゃ・果実・焼き,6,122,27.7,2.5,0.4,0
西洋かぼちゃ・果実・冷凍,6,83,18.5,2.2,0.3,0
そうめんかぼちゃ・果実・生,6,24,6.1,0.7,0.1,0
からしな・葉・生,6,26,4.7,3.3,0.1,0.2
からしな・塩漬,6,36,7.2,4,0.1,2.5
カリフラワー・花序・生,6,27,5.2,3,0.1,0
カリフラワー・花序・ゆで,6,26,5.1,2.7,0.1,0
かんぴょう・乾,6,260,68.1,6.3,0.2,0
かんぴょう・ゆで,6,28,7.2,0.7,0,0
きく・花びら・生,6,27,6.5,1.4,0,0
きく・花びら・ゆで,6,23,5.7,1,0,0
きく・菊のり,6,292,73.5,11.6,0.2,0
キャベツ・結球葉・生,6,23,5.2,1.3,0.2,0
キャベツ・結球葉・ゆで,6,20,4.6,0.9,0.2,0
キャベツ・結球葉・油いため,6,81,5.9,1.6,6,0
グリーンボール・結球葉・生,6,20,4.3,1.4,0.1,0
レッドキャベツ・結球葉・生,6,30,6.7,2,0.1,0
きゅうり・果実・生,6,14,3,1,0.1,0
きゅうり・漬物・塩漬,6,16,3.7,1,0.1,2.5
きゅうり・漬物・しょうゆ漬,6,50,10.8,3.2,0.4,4.1
きゅうり・漬物・ぬかみそ漬,6,27,6.2,1.5,0.1,5.3
きゅうり・漬物・ピクルス・スイート型,6,67,18.3,0.3,0.1,1.1
きゅうり・漬物・ピクルス・サワー型,6,12,2.5,1.4,0,2.5
ぎょうじゃにんにく・葉・生,6,34,6.6,3.5,0.2,0
キンサイ・茎葉・生,6,19,3.5,1.1,0.4,0.1
キンサイ・茎葉・ゆで,6,19,3.5,1.1,0.4,0.1
クレソン・茎葉・生,6,15,2.5,2.1,0.1,0.1
くわい・塊茎・生,6,126,26.6,6.3,0.1,0
くわい・塊茎・ゆで,6,128,27.2,6.2,0.1,0
ケール・葉・生,6,28,5.6,2.1,0.4,0
コールラビ・球茎・生,6,21,5.1,1,0,0
コールラビ・球茎・ゆで,6,21,5.2,1,0,0
こごみ・若芽・生,6,28,5.3,3,0.2,0
ごぼう・根・生,6,65,15.4,1.8,0.1,0
ごぼう・根・ゆで,6,58,13.7,1.5,0.2,0
こまつな・葉・生,6,14,2.4,1.5,0.2,0
こまつな・葉・ゆで,6,15,3,1.6,0.1,0
ザーサイ・漬物,6,23,4.6,2.5,0.1,13.7
さんとうさい・葉・生,6,14,2.7,1,0.2,0
さんとうさい・葉・ゆで,6,16,2.9,1.4,0.3,0
さんとうさい・塩漬,6,20,4,1.5,0.3,2.3
しかくまめ・若ざや・生,6,20,3.8,2.4,0.1,0
ししとう・果実・生,6,27,5.7,1.9,0.3,0
ししとう・果実・油いため,6,55,5.8,1.9,3.2,0
しそ・葉・生,6,37,7.5,3.9,0.1,0
しそ・実・生,6,41,8.9,3.4,0.1,0
じゅうろくささげ・若ざや・生,6,24,4.8,2.5,0.1,0
じゅうろくささげ・若ざや・ゆで,6,30,6.2,2.8,0.1,0
しゅんぎく・葉・生,6,22,3.9,2.3,0.3,0.2
しゅんぎく・葉・ゆで,6,27,4.5,2.7,0.5,0.1
じゅんさい・若葉・水煮びん詰,6,5,1,0.4,0,0
葉しょうが・根茎・生,6,11,2.1,0.5,0.2,0
しょうが・根茎・生,6,30,6.6,0.9,0.3,0
しょうが・漬物・酢漬,6,19,4,0.2,0.4,7.1
しょうが・漬物・甘酢漬,6,51,12.5,0.2,0.3,3
しろうり・果実・生,6,15,3.3,0.9,0.1,0
しろうり・漬物・塩漬,6,16,3.7,1,0.1,2
しろうり・漬物・奈良漬,6,157,40.8,4.5,0.1,4.3
ずいき・生ずいき・生,6,16,4.1,0.5,0,0
ずいき・生ずいき・ゆで,6,12,3.1,0.4,0,0
ずいき・干しずいき・乾,6,246,63.5,6.6,0.4,0
ずいき・干しずいき・ゆで,6,13,3.4,0.5,0,0
すぐきな・葉・生,6,26,5.4,1.9,0.2,0.1
すぐきな・根・生,6,21,4.7,0.6,0.1,0.1
すぐきな・すぐき漬,6,34,6.1,2.6,0.7,2.2
ズッキーニ・果実・生,6,14,2.8,1.3,0.1,0
せり・茎葉・生,6,17,3.3,2,0.1,0
せり・茎葉・ゆで,6,18,3.4,2.1,0.1,0
セロリ・葉柄・生,6,15,3.6,0.4,0.1,0.1
ぜんまい・生ぜんまい・若芽・生,6,29,6.6,1.7,0.1,0
ぜんまい・生ぜんまい・若芽・ゆで,6,21,4.1,1.1,0.4,0
ぜんまい・干しぜんまい・干し若芽・乾,6,293,70.8,14.6,0.6,0.1
ぜんまい・干しぜんまい・干し若芽・ゆで,6,29,6.8,1.7,0.1,0
そらまめ・未熟豆・生,6,108,15.5,10.9,0.2,0
そらまめ・未熟豆・ゆで,6,112,16.9,10.5,0.2,0
タアサイ・葉・生,6,13,2.2,1.3,0.2,0.1
タアサイ・葉・ゆで,6,13,2.3,1.1,0.2,0.1
かいわれだいこん・芽ばえ・生,6,21,3.3,2.1,0.5,0
葉だいこん・葉・生,6,18,3.3,2,0.2,0.1
だいこん・葉・生,6,25,5.3,2.2,0.1,0.1
だいこん・葉・ゆで,6,25,5.4,2.2,0.1,0.1
だいこん・根・皮つき・生,6,18,4.1,0.5,0.1,0
だいこん・根・皮つき・ゆで,6,18,4.5,0.4,0,0
だいこん・根・皮むき・生,6,18,4.1,0.4,0.1,0
だいこん・根・皮むき・ゆで,6,18,4,0.5,0.1,0
切干しだいこん・乾,6,301,69.7,9.7,0.8,0.5
切干しだいこん・ゆで,6,19,4.1,0.9,0.1,0
切干しだいこん・油いため,6,88,7.6,1.5,6,0
漬物・ぬかみそ漬,6,30,6.7,1.3,0.1,3.8
漬物・たくあん漬・塩押しだいこん漬,6,64,15.2,1.2,0.3,4.3
漬物・たくあん漬・干しだいこん漬,6,27,5.5,1.9,0.1,2.5
漬物・守口漬,6,187,44.3,5.3,0.2,3.6
漬物・べったら漬,6,57,14,0.9,0.1,3
漬物・みそ漬,6,78,16.3,4.5,0.3,11.2
漬物・福神漬,6,136,33.3,2.7,0.1,5.1
つまみな・葉・生,6,20,3.6,1.9,0.3,0.1
たいさい・葉・生,6,16,3.5,0.9,0.1,0.1
たいさい・塩漬,6,20,4.3,1.6,0.1,1.8
たかな・葉・生,6,21,4.2,1.8,0.2,0.1
たかな・たかな漬,6,33,7,2.8,0.2,5.8
たけのこ・若茎・生,6,26,4.3,3.6,0.2,0
たけのこ・若茎・ゆで,6,30,5.5,3.5,0.2,0
たけのこ・水煮缶詰,6,23,4,2.7,0.2,0
たけのこ・めんま・塩蔵・塩抜き,6,19,3.6,1,0.5,0.9
たまねぎ・りん茎・生,6,37,8.8,1,0.1,0
たまねぎ・りん茎・水さらし,6,26,6.1,0.6,0.1,0
たまねぎ・りん茎・ゆで,6,31,7.3,0.8,0.1,0
たまねぎ・りん茎・油いため,6,105,12,1.4,5.9,0
赤たまねぎ・りん茎・生,6,38,9,0.9,0.1,0
葉たまねぎ・りん茎及び葉・生,6,37,7.6,1.8,0.4,0
たらのめ・若芽・生,6,27,4.3,4.2,0.2,0
たらのめ・若芽・ゆで,6,26,4.1,4,0.2,0
チコリ・若芽・生,6,16,3.9,1,0,0
チンゲンサイ・葉・生,6,9,2,0.6,0.1,0.1
チンゲンサイ・葉・ゆで,6,12,2.4,0.9,0.1,0.1
チンゲンサイ・葉・油いため,6,39,2.2,0.8,3.2,0.1
つくし・胞子茎・生,6,38,8.1,3.5,0.1,0
つくし・胞子茎・ゆで,6,33,6.7,3.4,0.1,0
つるな・茎葉・生,6,15,2.8,1.8,0.1,0
つるむらさき・茎葉・生,6,13,2.6,0.7,0.2,0
つるむらさき・茎葉・ゆで,6,15,3.2,0.9,0.2,0
つわぶき・葉柄・生,6,21,5.6,0.4,0,0.3
つわぶき・葉柄・ゆで,6,16,4.4,0.3,0,0.1
とうがらし・葉・果実・生,6,35,7.2,3.4,0.1,0
とうがらし・葉・果実・油いため,6,85,8.5,4,4.9,0
とうがらし・果実・生,6,96,16.3,3.9,3.4,0
とうがらし・果実・乾,6,345,58.4,14.7,12,0
とうがん・果実・生,6,16,3.8,0.5,0.1,0
とうがん・果実・ゆで,6,16,3.7,0.6,0.1,0
スイートコーン・未熟種子・生,6,92,16.8,3.6,1.7,0
スイートコーン・未熟種子・ゆで,6,99,18.6,3.5,1.7,0
スイートコーン・未熟種子・電子レンジ調理,6,107,19.1,4.2,2.2,0
スイートコーン・未熟種子・穂軸つき・冷凍,6,97,18.7,3.5,1.5,0
スイートコーン・未熟種子・カーネル・冷凍,6,99,19.4,2.9,1.5,0
スイートコーン・缶詰・クリームスタイル,6,84,18.6,1.7,0.5,0.7
スイートコーン・缶詰・ホールカーネルスタイル,6,82,17.8,2.3,0.5,0.5
ヤングコーン・幼雌穂・生,6,29,6,2.3,0.2,0
トマト・果実・生,6,19,4.7,0.7,0.1,0
ミニトマト・果実・生,6,29,7.2,1.1,0.1,0
缶詰・ホール・食塩無添加,6,20,4.4,0.9,0.2,0
缶詰・トマトジュース・食塩添加,6,17,4,0.7,0.1,0.3
缶詰・トマトジュース・食塩無添加,6,17,4,0.7,0.1,0
缶詰・ミックスジュース・食塩添加,6,17,4.3,0.6,0,0.2
缶詰・ミックスジュース・食塩無添加,6,17,4.3,0.6,0,0
トレビス・葉・生,6,18,3.9,1.1,0.2,0
とんぶり・ゆで,6,90,12.9,6.1,3.5,0
ながさきはくさい・葉・生,6,13,2.6,1.3,0.1,0.1
ながさきはくさい・葉・ゆで,6,18,3.4,2.2,0.1,0
なす・果実・生,6,22,5.1,1.1,0.1,0
なす・果実・ゆで,6,19,4.5,1,0.1,0
なす・果実・油いため,6,79,6.3,1.5,5.8,0
なす・果実・天ぷら,6,180,12,1.6,14,0.1
べいなす・果実・生,6,22,5.3,1.1,0.1,0
べいなす・果実・素揚げ,6,183,6.7,1,17,0
漬物・塩漬,6,23,5.2,1.4,0.1,2.2
漬物・ぬかみそ漬,6,27,6.1,1.7,0.1,2.5
漬物・こうじ漬,6,79,18.2,5.5,0.1,6.6
漬物・からし漬,6,118,30.7,2.6,0.2,4.8
漬物・しば漬,6,30,7,1.4,0.2,4.1
なずな・葉・生,6,36,7,4.3,0.1,0
和種なばな・花らい・茎・生,6,33,5.8,4.4,0.2,0
和種なばな・花らい・茎・ゆで,6,28,4.3,4.7,0.1,0
洋種なばな・茎葉・生,6,35,6,4.1,0.4,0
洋種なばな・茎葉・ゆで,6,31,5.3,3.6,0.4,0
にがうり・果実・生,6,17,3.9,1,0.1,0
にがうり・果実・油いため,6,50,4.6,1.2,3.3,0
にら・葉・生,6,21,4,1.7,0.3,0
にら・葉・ゆで,6,31,5.7,2.6,0.5,0
にら・葉・油いため,6,74,4.9,1.9,5.7,0
花にら・花茎・花らい・生,6,27,5.9,1.9,0.2,0
黄にら・葉・生,6,18,3.3,2.1,0.1,0
葉にんじん・葉・生,6,18,3.7,1.1,0.2,0.1
にんじん・根・皮つき・生,6,39,9.3,0.7,0.2,0.1
にんじん・根・皮つき・ゆで,6,36,8.4,0.6,0.2,0.1
にんじん・根・皮むき・生,6,36,8.7,0.8,0.1,0.1
にんじん・根・皮むき・ゆで,6,36,8.5,0.7,0.1,0.1
にんじん・根・皮むき・油いため,6,109,12.4,1.1,6.4,0.1
にんじん・根・皮むき・素揚げ,6,89,13.9,1,3.5,0.1
にんじん・根・皮・生,6,31,7.3,0.7,0.2,0
にんじん・根・冷凍,6,35,8.2,0.8,0.2,0.2
にんじん・グラッセ,6,66,12.7,0.7,1.4,1
にんじん・ジュース・缶詰,6,28,6.7,0.6,0.1,0
きんとき・根・皮つき・生,6,44,9.6,1.8,0.2,0
きんとき・根・皮つき・ゆで,6,42,9.2,1.9,0.2,0
きんとき・根・皮むき・生,6,45,9.7,1.8,0.3,0
きんとき・根・皮むき・ゆで,6,45,9.6,1.9,0.4,0
ミニキャロット・根・生,6,32,7.5,0.7,0.2,0
にんにく・りん茎・生,6,136,27.5,6.4,0.9,0
にんにく・りん茎・油いため,6,199,30.6,8.2,5.9,0
茎にんにく・花茎・生,6,45,10.6,1.9,0.3,0
茎にんにく・花茎・ゆで,6,44,10.7,1.7,0.2,0
根深ねぎ・葉・軟白・生,6,34,8.3,1.4,0.1,0
根深ねぎ・葉・軟白・ゆで,6,28,6.8,1.3,0.1,0
根深ねぎ・葉・軟白・油いため,6,78,9.5,1.6,4.4,0
葉ねぎ・葉・生,6,30,6.5,1.9,0.3,0
葉ねぎ・葉・油いため,6,81,7.9,2.1,5.2,0
こねぎ・葉・生,6,27,5.4,2,0.3,0
のざわな・葉・生,6,16,3.5,0.9,0.1,0.1
のざわな・漬物・塩漬,6,18,4.1,1.2,0.1,1.5
のざわな・漬物・調味漬,6,23,5.4,1.7,0,2.4
のびる・りん茎葉・生,6,65,15.5,3.2,0.2,0
はくさい・結球葉・生,6,14,3.2,0.8,0.1,0
はくさい・結球葉・ゆで,6,13,2.9,0.9,0.1,0
はくさい・漬物・塩漬,6,16,3.4,1.4,0.1,2.3
はくさい・漬物・キムチ,6,46,7.9,2.8,0.3,2.2
パクチョイ・葉・生,6,15,2.7,1.6,0.2,0
バジル・葉・生,6,24,4,2,0.6,0
パセリ・葉・生,6,43,7.8,4,0.7,0
はつかだいこん・根・生,6,15,3.1,0.8,0.1,0
はやとうり・果実・白色種・生,6,20,4.9,0.6,0.1,0
はやとうり・果実・緑色種・生,6,20,4.9,0.6,0.1,0
はやとうり・果実・白色種・塩漬,6,17,4.4,0.6,0,3.6
ビーツ・根・生,6,41,9.3,1.6,0.1,0.1
ビーツ・根・ゆで,6,44,10.2,1.5,0.1,0.1
青ピーマン・果実・生,6,22,5.1,0.9,0.2,0
青ピーマン・果実・油いため,6,61,5.4,0.9,4.3,0
赤ピーマン・果実・生,6,30,7.2,1,0.2,0
赤ピーマン・果実・油いため,6,69,7.6,1,4.3,0
黄ピーマン・果実・生,6,27,6.6,0.8,0.2,0
黄ピーマン・果実・油いため,6,66,6.9,0.8,4.3,0
トマピー・果実・生,6,31,7.5,1,0.2,0
ひのな・根・茎葉・生,6,19,4.7,1,0,0
ひのな・根・茎葉・甘酢漬,6,69,17.3,1.4,0.5,2.8
ひろしまな・葉・生,6,20,4.2,1.5,0.2,0.1
ひろしまな・塩漬,6,16,3.3,1.2,0.2,2.1
ふき・葉柄・生,6,11,3,0.3,0,0.1
ふき・葉柄・ゆで,6,8,1.9,0.3,0,0.1
ふきのとう・花序・生,6,43,10,2.5,0.1,0
ふきのとう・花序・ゆで,6,32,7,2.5,0.1,0
ふじまめ・若ざや・生,6,33,7.4,2.5,0.1,0
ふだんそう・葉・生,6,19,3.7,2,0.1,0.2
ふだんそう・葉・ゆで,6,27,5.4,2.8,0.1,0.2
ブロッコリー・花序・生,6,33,5.2,4.3,0.5,0.1
ブロッコリー・花序・ゆで,6,27,4.3,3.5,0.4,0
ブロッコリー・芽ばえ・生,6,19,2.6,1.9,0.6,0
へちま・果実・生,6,16,3.8,0.8,0.1,0
へちま・果実・ゆで,6,18,3.7,1.6,0.1,0
ほうれんそう・葉・通年平均・生,6,20,3.1,2.2,0.4,0
ほうれんそう・葉・夏採り・生,6,20,3.1,2.2,0.4,0
ほうれんそう・葉・冬採り・生,6,20,3.1,2.2,0.4,0
ほうれんそう・葉・通年平均・ゆで,6,25,4,2.6,0.5,0
ほうれんそう・葉・夏採り・ゆで,6,25,4,2.6,0.5,0
ほうれんそう・葉・冬採り・ゆで,6,25,4,2.6,0.5,0
ほうれんそう・葉・通年平均・油いため,6,99,4.4,3.8,8.1,0
ほうれんそう・葉・冷凍,6,21,3.1,3.3,0.2,0.3
ホースラディシュ・根茎・生,6,79,17.7,3.1,0.3,0
まこも・茎・生,6,21,4.4,1.3,0.2,0
みずかけな・葉・生,6,25,4.7,2.9,0.1,0
みずかけな・塩漬,6,32,5.7,4.9,0,2.5
みずな・葉・生,6,23,4.8,2.2,0.1,0.1
みずな・葉・ゆで,6,22,4.7,2,0.1,0.1
みずな・塩漬,6,27,5.9,2,0.1,2.3
切りみつば・葉・生,6,18,4,1,0.1,0
切りみつば・葉・ゆで,6,15,3.3,0.9,0.1,0
根みつば・葉・生,6,20,4.1,1.9,0.1,0
根みつば・葉・ゆで,6,20,3.9,2.3,0.1,0
糸みつば・葉・生,6,13,2.9,0.9,0.1,0
糸みつば・葉・ゆで,6,17,4,1.1,0,0
みぶな・葉・生,6,15,2.9,1.1,0.3,0.1
みょうが・花穂・生,6,12,2.6,0.9,0.1,0
みょうがたけ・茎葉・生,6,7,1.5,0.4,0.1,0
むかご・肉芽・生,6,93,20.6,2.9,0.2,0
めキャベツ・結球葉・生,6,50,9.9,5.7,0.1,0
めキャベツ・結球葉・ゆで,6,49,9.8,5.3,0.1,0
めたで・芽ばえ・生,6,43,8.8,3,0.5,0
アルファルファもやし・生,6,12,2,1.6,0.1,0
だいずもやし・生,6,37,2.3,3.7,1.5,0
だいずもやし・ゆで,6,34,2.2,2.9,1.6,0
ブラックマッペもやし・生,6,15,2.7,2,0,0
ブラックマッペもやし・ゆで,6,13,2.7,1.3,0,0
りょくとうもやし・生,6,14,2.6,1.7,0.1,0
りょくとうもやし・ゆで,6,12,2.3,1.6,0,0
モロヘイヤ・茎葉・生,6,38,6.3,4.8,0.5,0
モロヘイヤ・茎葉・ゆで,6,25,4,3,0.4,0
やまごぼう・みそ漬,6,72,15.6,4.1,0.1,7.1
ゆりね・りん茎・生,6,125,28.3,3.8,0.1,0
ゆりね・りん茎・ゆで,6,126,28.7,3.4,0.1,0
ようさい・茎葉・生,6,17,3.1,2.2,0.1,0.1
ようさい・茎葉・ゆで,6,21,4.1,2.2,0.1,0
よめな・葉・生,6,46,10,3.4,0.2,0
よもぎ・葉・生,6,46,8.7,5.2,0.3,0
よもぎ・葉・ゆで,6,42,8.2,4.8,0.1,0
らっかせい・未熟豆・生,6,295,12.4,12,24.2,0
らっかせい・未熟豆・ゆで,6,288,12.3,11.9,23.5,0
らっきょう・りん茎・生,6,118,29.3,1.4,0.2,0
らっきょう・甘酢漬,6,115,29,0.7,0.2,2.2
エシャレット・りん茎・生,6,76,17.8,2.3,0.2,0
リーキ・りん茎葉・生,6,29,6.9,1.6,0.1,0
リーキ・りん茎葉・ゆで,6,28,6.8,1.3,0.1,0
ルッコラ・葉・生,6,19,3.1,1.9,0.4,0
ルバーブ・葉柄・生,6,24,6,0.7,0.1,0
ルバーブ・葉柄・ゆで,6,18,4.6,0.5,0.1,0
レタス・土耕栽培・結球葉・生,6,12,2.8,0.6,0.1,0
レタス・水耕栽培・結球葉・生,6,14,2.9,0.8,0.2,0
サラダな・葉・生,6,14,2.7,1,0.2,0
リーフレタス・葉・生,6,16,3.3,1.4,0.1,0
サニーレタス・葉・生,6,16,3.2,1.2,0.2,0
サンチュ・葉・生,6,15,2.5,1.2,0.4,0
コスレタス・葉・生,6,17,3.4,1.2,0.2,0
れんこん・根茎・生,6,66,15.5,1.9,0.1,0.1
れんこん・根茎・ゆで,6,66,16.1,1.3,0.1,0
わけぎ・葉・生,6,30,7.4,1.6,0,0
わけぎ・葉・ゆで,6,29,6.9,1.9,0,0
わさび・根茎・生,6,88,18.4,5.6,0.2,0.1
わさび・わさび漬,6,145,28,7.1,0.5,2.5
わらび・生わらび・生,6,21,4,2.4,0.1,0
わらび・生わらび・ゆで,6,15,3,1.5,0.1,0
わらび・干しわらび・乾,6,274,61.4,20,0.7,0
あけび・果肉・生,7,82,22,0.5,0.1,0
あけび・果皮・生,7,34,8.6,0.3,0.3,0
アセロラ・酸味種・生,7,36,9,0.7,0.1,0
アセロラ・甘味種・生,7,36,9,0.7,0.1,0
アセロラ・10%果汁入り飲料,7,42,10.5,0.1,0,0
アテモヤ・生,7,79,19.4,1.8,0.4,0
アボカド・生,7,187,6.2,2.5,18.7,0
あんず・生,7,36,8.5,1,0.3,0
あんず・乾,7,288,70.4,9.2,0.4,0
あんず・缶詰,7,81,18.9,0.5,0.4,0
あんず・ジャム・高糖度,7,262,64.9,0.3,0.1,0
あんず・ジャム・低糖度,7,205,50.5,0.4,0.1,0
いちご・生,7,34,8.5,0.9,0.1,0
いちご・ジャム・高糖度,7,256,63.3,0.4,0.1,0
いちご・ジャム・低糖度,7,197,48.4,0.5,0.1,0
いちご・乾,7,302,82.8,0.5,0.2,0.7
いちじく・生,7,54,14.3,0.6,0.1,0
いちじく・乾,7,291,75.3,3,1.1,0.2
いちじく・缶詰,7,81,19.4,0.5,0.1,0
うめ・生,7,28,7.9,0.7,0.5,0
うめ・梅漬・塩漬,7,24,6.7,0.7,0.4,19.3
うめ・梅漬・調味漬,7,53,10.5,1.5,0.5,6.9
うめ・梅干し・塩漬,7,33,10.5,0.9,0.2,22.1
うめ・梅干し・調味漬,7,96,21.1,1.5,0.6,7.6
うめ・梅びしお,7,200,48.1,0.7,0.5,7.9
うめ・20%果汁入り飲料,7,49,12.3,0,0,0.1
オリーブ・塩漬・グリーンオリーブ,7,145,4.5,1,15,3.6
オリーブ・塩漬・ブラックオリーブ,7,118,3.4,0.8,12.3,1.6
オリーブ・塩漬・スタッフドオリーブ,7,137,4.2,0.8,14.3,5.1
かき・甘がき・生,7,60,15.9,0.4,0.2,0
かき・渋抜きがき・生,7,63,16.9,0.5,0.1,0
かき・干しがき,7,276,71.3,1.5,1.7,0
かりん・生,7,68,18.3,0.4,0.1,0
いよかん・砂じょう・生,7,46,11.8,0.9,0.1,0
うんしゅうみかん・じょうのう・早生・生,7,45,11.9,0.5,0.1,0
うんしゅうみかん・じょうのう・普通・生,7,46,12,0.7,0.1,0
うんしゅうみかん・砂じょう・早生・生,7,43,11.3,0.5,0.1,0
うんしゅうみかん・砂じょう・普通・生,7,45,11.5,0.7,0.1,0
うんしゅうみかん・果実飲料・ストレートジュース,7,41,10.6,0.5,0.1,0
うんしゅうみかん・果実飲料・濃縮還元ジュース,7,38,9.9,0.5,0.1,0
うんしゅうみかん・果実飲料・果粒入りジュース,7,47,13,0.2,0,0
うんしゅうみかん・果実飲料・50%果汁入り飲料,7,60,14.7,0.2,0,0
うんしゅうみかん・果実飲料・20%果汁入り飲料,7,50,12.4,0.1,0,0
うんしゅうみかん・缶詰・果肉,7,64,15.3,0.5,0.1,0
うんしゅうみかん・缶詰・液汁,7,63,15.3,0.3,0.1,0
オレンジ・ネーブル・砂じょう・生,7,46,11.8,0.9,0.1,0
オレンジ・バレンシア・米国産・砂じょう・生,7,39,9.8,1,0.1,0
オレンジ・バレンシア・果実飲料・ストレートジュース,7,42,11,0.8,0,0
オレンジ・バレンシア・果実飲料・濃縮還元ジュース,7,42,10.7,0.7,0.1,0
オレンジ・バレンシア・果実飲料・50%果汁入り飲料,7,47,10.8,0.4,0.2,0
オレンジ・バレンシア・果実飲料・30%果汁入り飲料,7,41,10,0.2,0,0
オレンジ・バレンシア・マーマレード・高糖度,7,255,63.2,0.2,0.1,0
オレンジ・バレンシア・マーマレード・低糖度,7,193,47.7,0.3,0.1,0
オレンジ・福原オレンジ・砂じょう・生,7,39,9.8,1,0.1,0
オロブランコ・砂じょう・生,7,40,10.1,0.8,0.1,0
かぼす・果汁・生,7,25,8.5,0.4,0.1,0
かわちばんかん・砂じょう・生,7,35,8.8,0.7,0.2,0
きよみ・砂じょう・生,7,41,10.3,0.8,0.2,0
きんかん・全果・生,7,71,17.5,0.5,0.7,0
グレープフルーツ・白肉種・砂じょう・生,7,38,9.6,0.9,0.1,0
グレープフルーツ・紅肉種・砂じょう・生,7,38,9.6,0.9,0.1,0
グレープフルーツ・果実飲料・ストレートジュース,7,40,10.3,0.6,0.1,0
グレープフルーツ・果実飲料・濃縮還元ジュース,7,35,8.8,0.7,0.1,0
グレープフルーツ・果実飲料・50%果汁入り飲料,7,46,11.1,0.3,0,0
グレープフルーツ・果実飲料・20%果汁入り飲料,7,39,9.7,0.1,0,0
グレープフルーツ・缶詰,7,70,17.1,0.5,0,0
さんぼうかん・砂じょう・生,7,44,10.9,0.7,0.3,0
シークヮーサー・果汁・生,7,25,7.9,0.8,0.1,0
シークヮーサー・10%果汁入り飲料,7,48,11.8,0.1,0,0
しらぬひ・砂じょう・生,7,51,12.9,0.8,0.2,0
すだち・果皮・生,7,68,16.4,1.8,0.3,0
すだち・果汁・生,7,20,6.6,0.5,0.1,0
せとか・砂じょう・生,7,47,11.7,0.8,0.2,0
セミノール・砂じょう・生,7,49,12.4,1.1,0.1,0
だいだい・果汁・生,7,24,8,0.3,0.2,0
なつみかん・砂じょう・生,7,40,10,0.9,0.1,0
なつみかん・缶詰,7,81,19.4,0.5,0.1,0
はっさく・砂じょう・生,7,45,11.5,0.8,0.1,0
はるみ・砂じょう・生,7,48,12.1,0.9,0.2,0
ひゅうがなつ・じょうのう及びアルベド・生,7,45,11.7,0.6,0.1,0
ひゅうがなつ・砂じょう・生,7,33,8.3,0.6,0.1,0
ぶんたん・砂じょう・生,7,38,9.8,0.7,0.1,0
ぶんたん・ざぼん漬,7,344,85.5,0.2,0.1,0
ぽんかん・砂じょう・生,7,40,9.9,0.9,0.1,0
ゆず・果皮・生,7,59,14.2,1.2,0.5,0
ゆず・果汁・生,7,21,7,0.5,0.1,0
ライム・果汁・生,7,27,9.3,0.4,0.1,0
レモン・全果・生,7,54,12.5,0.9,0.7,0
レモン・果汁・生,7,26,8.6,0.4,0.2,0
キウイフルーツ・緑肉種・生,7,53,13.5,1,0.1,0
キウイフルーツ・黄肉種・生,7,59,14.9,1.1,0.2,0
キワノ・生,7,41,8,1.5,0.9,0
グァバ・赤肉種・生,7,38,9.9,0.6,0.1,0
グァバ・白肉種・生,7,38,9.9,0.6,0.1,0
グァバ・果実飲料・20%果汁入り飲料・,7,51,12.3,0.1,0.1,0
グァバ・果実飲料・10%果汁入り飲料,7,51,12.3,0.1,0.1,0
グーズベリー・生,7,52,13.2,1,0.1,0
ぐみ・生,7,68,17.2,1.3,0.2,0
ココナッツ・ココナッツウォーター,7,20,5,0.2,0.1,0
ココナッツ・ココナッツミルク,7,150,2.8,1.9,16,0
ココナッツ・ナタデココ,7,73,20.2,0,0,0
さくらんぼ・国産・生,7,60,15.2,1,0.2,0
さくらんぼ・米国産・生,7,66,17.1,1.2,0.1,0
さくらんぼ・米国産・缶詰,7,74,17.6,0.6,0.1,0
ざくろ・生,7,56,15.5,0.2,0,0
すいか・赤肉種・生,7,37,9.5,0.6,0.1,0
すいか・黄肉種・生,7,37,9.5,0.6,0.1,0
スターフルーツ・生,7,30,7.5,0.7,0.1,0
にほんすもも・生,7,44,9.4,0.6,1,0
プルーン・生,7,49,12.6,0.7,0.1,0
プルーン・乾,7,235,62.4,2.5,0.2,0
チェリモヤ・生,7,78,19.8,1.3,0.3,0
ドラゴンフルーツ・生,7,50,11.8,1.4,0.3,0
ドリアン・生,7,133,27.1,2.3,3.3,0
日本なし・生,7,43,11.3,0.3,0.1,0
日本なし・缶詰,7,78,19.1,0.1,0.1,0
中国なし・生,7,47,12.7,0.2,0.1,0
西洋なし・生,7,54,14.4,0.3,0.1,0
西洋なし・缶詰,7,85,20.7,0.2,0.1,0
なつめ・乾,7,287,71.4,3.9,2,0
なつめやし・乾,7,266,71.3,2.2,0.2,0
パインアップル・生,7,51,13.4,0.6,0.1,0
パインアップル・果実飲料・ストレートジュース,7,41,11,0.3,0.1,0
パインアップル・果実飲料・濃縮還元ジュース,7,41,11.1,0.1,0.1,0
パインアップル・果実飲料・50%果汁入り飲料,7,51,12.1,0.3,0.1,0
パインアップル・果実飲料・10%果汁入り飲料,7,50,12.4,0,0,0
パインアップル・缶詰,7,84,20.3,0.4,0.1,0
パインアップル・砂糖漬,7,351,86.8,0.5,0.2,0.1
ハスカップ・生,7,53,12.8,0.7,0.6,0
パッションフルーツ・果汁・生,7,64,16.2,0.8,0.4,0
バナナ・生,7,86,22.5,1.1,0.2,0
バナナ・乾,7,299,78.5,3.8,0.4,0
パパイア・完熟・生,7,38,9.5,0.5,0.2,0
パパイア・未熟・生,7,39,9.4,1.3,0.1,0
びわ・生,7,40,10.6,0.3,0.1,0
びわ・缶詰,7,81,19.8,0.3,0.1,0
ぶどう・生,7,59,15.7,0.4,0.1,0
ぶどう・干しぶどう,7,301,80.7,2.7,0.2,0
ぶどう・果実飲料・ストレートジュース,7,55,14.5,0.3,0.2,0
ぶどう・果実飲料・濃縮還元ジュース,7,47,12.1,0.3,0.3,0
ぶどう・果実飲料・70%果汁入り飲料,7,52,12.9,0.2,0,0
ぶどう・果実飲料・10%果汁入り飲料,7,52,13.1,0,0,0
ぶどう・缶詰,7,84,20.4,0.4,0.1,0
ぶどう・ジャム,7,193,47.5,0.5,0.1,0
ブルーベリー・生,7,49,12.9,0.5,0.1,0
ブルーベリー・ジャム,7,181,43.8,0.7,0.3,0
ブルーベリー・乾,7,286,72.5,2.7,1.9,0
ホワイトサポテ・生,7,74,18.9,1.5,0.1,0
まくわうり・黄肉種・生,7,32,7.8,0.8,0.1,0
まくわうり・白肉種・生,7,32,7.8,0.8,0.1,0
マルメロ・生,7,56,15.1,0.3,0.1,0
マンゴー・生,7,64,16.9,0.6,0.1,0
マンゴスチン・生,7,67,17.5,0.6,0.2,0
メロン・温室メロン・生,7,42,10.3,1.1,0.1,0
メロン・露地メロン・緑肉種・生,7,42,10.4,1,0.1,0
メロン・露地メロン・赤肉種・生,7,42,10.4,1,0.1,0
もも・生,7,40,10.2,0.6,0.1,0
もも・30%果汁入り飲料・,7,48,11.6,0.2,0.1,0
もも・缶詰・白肉種・果肉,7,85,20.6,0.5,0.1,0
もも・缶詰・黄肉種・果肉,7,85,20.6,0.5,0.1,0
もも・缶詰・液汁,7,81,19.8,0.3,0.1,0
ネクタリン・生,7,43,10.7,0.7,0.3,0
やまもも・生,7,44,11.3,0.5,0.2,0
ライチー・生,7,63,16.4,1,0.1,0
ラズベリー・生,7,41,10.2,1.1,0.1,0
りゅうがん・乾,7,283,72.9,5.1,0.4,0
りんご・皮むき・生,7,57,15.5,0.1,0.2,0
りんご・皮つき・生,7,61,16.2,0.2,0.3,0
りんご・果実飲料・ストレートジュース,7,44,11.8,0.2,0.1,0
りんご・果実飲料・濃縮還元ジュース,7,43,11.4,0.1,0.2,0
りんご・果実飲料・50%果汁入り飲料,7,46,11.5,0.1,0,0
りんご・果実飲料・30%果汁入り飲料,7,46,11.4,0,0,0
りんご・缶詰,7,83,20.1,0.3,0.1,0
りんご・ジャム,7,213,52.7,0.2,0.1,0
えのきたけ・生,8,22,7.6,2.7,0.2,0
えのきたけ・ゆで,8,22,7.8,2.8,0.1,0
えのきたけ・油いため,8,58,8.8,3,3.9,0
えのきたけ・味付け瓶詰,8,85,16.9,3.6,0.3,4.3
あらげきくらげ・乾,8,171,77,6.9,0.7,0.1
あらげきくらげ・ゆで,8,35,16.1,1.2,0.1,0
あらげきくらげ・油いため,8,107,27.8,2.3,5.2,0
きくらげ・乾,8,167,71.1,7.9,2.1,0.1
きくらげ・ゆで,8,13,5.2,0.6,0.2,0
しろきくらげ・乾,8,162,74.5,4.9,0.7,0.1
しろきくらげ・ゆで,8,14,6.7,0.4,0,0
くろあわびたけ・生,8,19,4.9,3.7,0.4,0
しいたけ・生しいたけ・菌床栽培・生,8,19,5.7,3,0.3,0
しいたけ・生しいたけ・菌床栽培・ゆで,8,17,5.1,2.5,0.4,0
しいたけ・生しいたけ・菌床栽培・油いため,8,57,7.3,3.3,4.1,0
しいたけ・生しいたけ・原木栽培・生,8,23,7.6,3.1,0.4,0
しいたけ・生しいたけ・原木栽培・ゆで,8,19,5.9,2.4,0.4,0
しいたけ・生しいたけ・原木栽培・油いため,8,73,8.8,3.8,5.4,0
しいたけ・乾しいたけ・乾,8,182,63.4,19.3,3.7,0
しいたけ・乾しいたけ・ゆで,8,42,16.7,3.2,0.5,0
はたけしめじ・生,8,15,4.5,2.6,0.3,0
はたけしめじ・ゆで,8,17,5.1,2.6,0.3,0
ぶなしめじ・生,8,18,5,2.7,0.6,0
ぶなしめじ・ゆで,8,21,6.5,3.3,0.3,0
ぶなしめじ・油いため,8,53,5,2.9,4.4,0
ほんしめじ・生,8,12,2.8,2.5,0.4,0
ほんしめじ・ゆで,8,16,4.1,2.8,0.6,0
たもぎたけ・生,8,16,3.7,3.6,0.3,0
なめこ・生,8,15,5.2,1.7,0.2,0
なめこ・ゆで,8,14,5.1,1.6,0.1,0
なめこ・水煮缶詰,8,9,3.2,1,0.1,0
ぬめりすぎたけ・生,8,15,4.1,2.3,0.4,0
うすひらたけ・生,8,23,4.8,6.1,0.2,0
エリンギ・生,8,19,6,2.8,0.4,0
エリンギ・ゆで,8,21,6.5,3.2,0.5,0
エリンギ・焼き,8,29,9.1,4.2,0.5,0
エリンギ・油いため,8,55,8.1,3.2,3.7,0
ひらたけ・生,8,20,6.2,3.3,0.3,0
ひらたけ・ゆで,8,21,6.6,3.4,0.2,0
まいたけ・生,8,15,4.4,2,0.5,0
まいたけ・ゆで,8,18,6.4,1.6,0.5,0
まいたけ・油いため,8,56,6.8,2.6,4.4,0
まいたけ・乾,8,181,59.9,21.9,3.9,0
マッシュルーム・生,8,11,2.1,2.9,0.3,0
マッシュルーム・ゆで,8,16,3.7,3.8,0.2,0
マッシュルーム・油いため,8,56,4.5,3.6,4.5,0
マッシュルーム・水煮缶詰,8,14,3.3,3.4,0.2,0.9
まつたけ・生,8,23,8.2,2,0.6,0
やなぎまつたけ・生,8,13,4,2.4,0.1,0
あおさ・素干し,9,130,41.7,22.1,0.6,9.9
あおのり・素干し,9,164,41,29.4,5.2,8.1
あまのり・ほしのり,9,173,38.7,39.4,3.7,1.5
あまのり・焼きのり,9,188,44.3,41.4,3.7,1.3
あまのり・味付けのり,9,359,41.8,40,3.5,4.3
あらめ・蒸し干し,9,140,56.2,12.4,0.7,5.8
いわのり・素干し,9,151,39.1,34.8,0.7,5.3
うみぶどう・生,9,4,1.2,0.5,0.1,0.8
えごのり・素干し,9,143,62.2,9,0.1,6.1
えごのり・おきうと,9,6,2.5,0.3,0.1,0.1
おごのり・塩蔵・塩抜き,9,21,8.8,1.3,0.1,0.3
かわのり・素干し,9,167,41.7,38.1,1.6,0.2
えながおにこんぶ・素干し,9,138,55.7,11,1,6.1
がごめこんぶ・素干し,9,142,62.1,7.9,0.5,7.6
ながこんぶ・素干し,9,140,58.5,8.3,1.5,7.6
ほそめこんぶ・素干し,9,147,62.9,6.9,1.7,6.1
まこんぶ・素干し,9,145,61.5,8.2,1.2,7.1
みついしこんぶ・素干し,9,153,64.7,7.7,1.9,7.6
りしりこんぶ・素干し,9,138,56.5,8,2,6.9
刻み昆布,9,105,46,5.4,0.5,10.9
削り昆布,9,117,50.2,6.5,0.9,5.3
塩昆布,9,110,37,16.9,0.4,18
つくだ煮,9,168,33.3,6,1,7.4
すいぜんじのり・素干し・水戻し,9,7,2.1,1.5,0,0
てんぐさ・素干し,9,144,53.8,16.1,1,4.8
てんぐさ・ところてん,9,2,0.6,0.2,0,0
てんぐさ・角寒天,9,154,74.1,2.4,0.2,0.3
てんぐさ・寒天,9,3,1.5,0,0,0
てんぐさ・粉寒天,9,165,81.7,0.2,0.3,0.4
とさかのり・赤とさか・塩蔵・塩抜き,9,14,5.1,1.5,0.1,0.7
とさかのり・青とさか・塩蔵・塩抜き,9,13,4.9,0.9,0.2,0.8
ひじき・ほしひじき・ステンレス釜・乾,9,149,58.4,9.2,3.2,4.7
ひじき・ほしひじき・ステンレス釜・ゆで,9,10,3.4,0.7,0.3,0.1
ひじき・ほしひじき・ステンレス釜・油いため,9,51,4.1,0.8,4.7,0.2
ひじき・ほしひじき・鉄釜・乾,9,145,56,9.2,3.2,4.7
ひじき・ほしひじき・鉄釜・ゆで,9,10,3.4,0.7,0.3,0.1
ひじき・ほしひじき・鉄釜・油いため,9,51,4.1,0.8,4.7,0.2
ひとえぐさ・素干し,9,130,46.3,16.6,1,11.4
ひとえぐさ・つくだ煮,9,154,21.1,14.4,1.3,5.8
ふのり・素干し,9,148,57.8,13.8,1,6.9
まつも・素干し,9,159,40.8,27.9,4.9,3.3
むかでのり・塩蔵・塩抜き,9,10,4.2,0.6,0.1,0.6
おきなわもずく・塩蔵・塩抜き,9,6,2,0.3,0.2,0.6
もずく・塩蔵・塩抜き,9,4,1.4,0.2,0.1,0.2
わかめ・原藻・生,9,16,5.6,1.9,0.2,1.5
わかめ・乾燥わかめ・素干し,9,117,41.3,13.6,1.6,16.8
わかめ・乾燥わかめ・素干し・水戻し,9,17,5.9,2,0.3,0.7
わかめ・乾燥わかめ・板わかめ,9,134,47.4,16.7,1.2,9.9
わかめ・乾燥わかめ・灰干し・水戻し,9,7,2.2,1.1,0.1,0.1
わかめ・カットわかめ,9,138,41.8,18,4,24.1
わかめ・湯通し塩蔵わかめ・塩抜き,9,11,3.1,1.7,0.4,1.4
わかめ・くきわかめ・湯通し塩蔵・塩抜き,9,15,5.5,1.1,0.3,7.9
わかめ・めかぶわかめ・生,9,11,3.4,0.9,0.6,0.4
あいなめ・生,10,113,0.1,19.1,3.4,0.4
あこうだい・生,10,93,0.1,16.8,2.3,0.2
まあじ・皮つき、生,10,126,0.1,19.7,4.5,0.3
まあじ・皮なし、刺身,10,123,0.2,19.7,4.1,0.3
まあじ・皮つき、水煮,10,151,0.1,22.4,5.9,0.3
まあじ・皮つき、焼き,10,170,0.1,25.9,6.4,0.4
まあじ・皮つき、フライ,10,276,7.9,20.1,18.2,0.4
まあじ・開き干し・生,10,168,0.1,20.2,8.8,1.7
まあじ・開き干し・焼き,10,220,0.1,24.6,12.3,2
まあじ・小型・骨付き・生,10,123,0.1,17.8,5,0.3
まあじ・小型・骨付き・から揚げ,10,278,3.5,24,18.6,0.3
まるあじ・生,10,147,0.2,22.1,5.6,0.2
まるあじ・焼き,10,194,0.2,28.7,7.7,0.2
にしまあじ・生,10,169,0.1,19.6,9.1,0.4
にしまあじ・水煮,10,175,0.1,21.7,8.8,0.5
にしまあじ・焼き,10,203,0.1,24.7,10.4,0.6
むろあじ・生,10,166,0.4,23.6,6.9,0.1
むろあじ・焼き,10,186,0.6,29.7,6.2,0.2
むろあじ・開き干し,10,155,0.1,22.9,6.2,2.1
むろあじ・くさや,10,240,0.3,49.9,3,4.1
あなご・生,10,161,0,17.3,9.3,0.4
あなご・蒸し,10,194,0,17.6,12.7,0.3
あまご・養殖・生,10,112,0.1,18.3,3.6,0.1
あまだい・生,10,113,0,18.8,3.6,0.2
あまだい・水煮,10,125,0,20.7,4,0.2
あまだい・焼き,10,119,0,22.5,2.6,0.3
あゆ・天然・生,10,100,0.1,18.3,2.4,0.2
あゆ・天然・焼き,10,177,0.1,26.6,6.8,0.3
あゆ・天然・内臓・生,10,206,0.3,9.5,17.5,0.2
あゆ・天然・内臓・焼き,10,194,0.4,23,10.1,0.4
あゆ・養殖・生,10,152,0.6,17.8,7.9,0.1
あゆ・養殖・焼き,10,241,0.8,22.6,15.1,0.2
あゆ・養殖・内臓・生,10,550,0.3,7.4,55,0.2
あゆ・養殖・内臓・焼き,10,558,0.4,15.2,52.3,0.3
あゆ・うるか,10,171,1.8,11.4,13.1,13
アラスカめぬけ・生,10,105,0.1,17.2,3.4,0.2
あんこう・生,10,58,0.3,13,0.2,0.3
あんこう・きも・生,10,445,2.2,10,41.9,0.3
いかなご・生,10,125,0.1,17.2,5.5,0.5
いかなご・煮干し,10,245,1.5,43.1,6.1,7.1
いかなご・つくだ煮,10,282,30.7,29.4,4.6,5.6
いかなご・あめ煮,10,279,35.8,25.6,3.7,4.3
いさき・生,10,127,0.1,17.2,5.7,0.4
いしだい・生,10,156,0,19.5,7.8,0.1
いとよりだい・生,10,93,0.1,18.1,1.7,0.2
いとよりだい・すり身,10,91,5.1,16.7,0.4,0.7
いぼだい・生,10,149,0,16.4,8.5,0.5
うるめいわし・生,10,136,0.3,21.3,4.8,0.2
うるめいわし・丸干し,10,239,0.3,45,5.1,5.8
かたくちいわし・生,10,192,0.3,18.2,12.1,0.2
かたくちいわし・煮干し,10,332,0.3,64.5,6.2,4.3
かたくちいわし・田作り,10,336,0.3,66.6,5.7,1.8
まいわし・生,10,169,0.2,19.2,9.2,0.2
まいわし・水煮,10,178,0.2,22.4,8.7,0.2
まいわし・焼き,10,196,0.2,25.3,9.4,0.3
まいわし・フライ,10,396,10.7,20,30.3,0.4
まいわし・塩いわし,10,163,0.4,16.8,9.6,6.1
まいわし・生干し,10,242,1.1,20.6,16,1.8
まいわし・丸干し,10,193,0.7,32.8,5.5,3.8
めざし・生,10,257,0.5,18.2,18.9,2.8
めざし・焼き,10,244,0.7,23.7,15,3.6
しらす・生,10,76,0.1,15,1.3,1
しらす干し・微乾燥品,10,113,0.2,23.1,1.6,4.1
しらす干し・半乾燥品,10,206,0.5,40.5,3.5,6.6
たたみいわし,10,372,0.7,75.1,5.6,2.2
みりん干し・かたくちいわし,10,340,25,44.3,7,2.8
みりん干し・まいわし,10,332,16.3,31.4,15.7,1.7
缶詰・水煮,10,188,0.1,20.7,10.6,0.8
缶詰・味付け,10,212,5.7,20.4,11.9,1.4
缶詰・トマト漬,10,172,1.3,17.5,10.8,0.7
缶詰・油漬,10,359,0.3,20.3,30.7,0.8
缶詰・かば焼,10,242,9.3,16.2,15.6,1.5
缶詰・アンチョビ,10,158,0.1,24.2,6.8,13.1
いわな・養殖・生,10,114,0.1,19,3.6,0.1
うぐい・生,10,100,0.2,20.1,1.5,0.2
うなぎ・養殖・生,10,255,0.3,17.1,19.3,0.2
うなぎ・きも・生,10,118,3.5,13,5.3,0.4
うなぎ・白焼き,10,331,0.1,20.7,25.8,0.3
うなぎ・かば焼,10,293,3.1,23,21,1.3
うまづらはぎ・生,10,80,0,18.2,0.3,0.5
うまづらはぎ・味付け開き干し,10,292,10.4,58.9,1.6,6.1
えい・生,10,84,0.1,19.1,0.3,0.7
えそ・生,10,93,0.1,20.1,0.8,0.3
おいかわ・生,10,136,0.1,19.2,5.8,0.1
おおさが・生,10,144,0.1,16.3,8,0.2
おこぜ・生,10,85,0.2,19.6,0.2,0.2
おひょう・生,10,100,0.1,19.9,1.7,0.2
かさご・生,10,85,0.1,19.3,0.3,0.3
かじか・生,10,111,0.2,15,5,0.3
かじか・水煮,10,122,0.2,15.8,5.8,0.2
かじか・つくだ煮,10,302,33.8,29.4,5.5,4.3
くろかじき・生,10,99,0.1,22.9,0.2,0.2
まかじき・生,10,115,0.1,23.1,1.8,0.2
めかじき・生,10,153,0.1,19.2,7.6,0.2
めかじき・焼き,10,220,0,27.5,11.1,0.3
かつお・春獲り・生,10,114,0.1,25.8,0.5,0.1
かつお・秋獲り・生,10,165,0.2,25,6.2,0.1
そうだがつお・生,10,136,0.3,25.7,2.8,0.2
加工品・なまり,10,134,0.4,29.8,0.7,0.3
加工品・なまり節,10,173,0.5,38,1.1,0.2
加工品・かつお節,10,356,0.8,77.1,2.9,0.3
加工品・削り節,10,351,0.4,75.7,3.2,1.2
加工品・削り節つくだ煮,10,237,32.3,19.5,3.3,7.9
加工品・角煮,10,224,21.4,31,1.6,3.8
加工品・塩辛,10,62,0,12,1.5,12.7
缶詰・味付け・フレーク,10,141,10.7,18.4,2.7,1.7
缶詰・油漬・フレーク,10,293,0.1,18.8,24.2,0.9
かます・生,10,148,0.1,18.9,7.2,0.3
かます・焼き,10,145,0.1,23.3,4.9,0.4
まがれい・生,10,95,0.1,19.6,1.3,0.3
まがれい・水煮,10,107,0.1,21.4,1.7,0.3
まがれい・焼き,10,110,0.1,23.4,1.2,0.3
まこがれい・生,10,93,0.1,18,1.8,0.3
まこがれい・焼き,10,147,0.2,28.5,2.8,0.5
子持ちがれい・生,10,143,0.1,19.9,6.2,0.2
子持ちがれい・水煮,10,162,0.1,22.3,7.2,0.2
干しかれい,10,117,0,20.2,3.4,1.1
かわはぎ・生,10,80,0,18.8,0.1,0.3
かんぱち・生,10,129,0.1,21,4.2,0.2
きす・生,10,80,0,18.5,0.2,0.3
きす・天ぷら,10,241,7.8,18.4,15.2,0.3
きちじ・生,10,262,0,13.6,21.7,0.2
きびなご・生,10,93,0.1,18.8,1.4,0.4
きびなご・調味干し,10,274,0.5,47.9,7.4,6.6
キャビア・塩蔵品,10,263,1.1,26.2,17.1,4.1
キングクリップ・生,10,78,0,18.2,0.1,0.4
ぎんだら・生,10,232,0,13.6,18.6,0.2
ぎんだら・水煮,10,287,0,14.9,23.8,0.2
きんめだい・生,10,160,0.1,17.8,9,0.1
ぐち・生,10,83,0,18,0.8,0.2
ぐち・焼き,10,106,0,23.4,0.8,0.4
こい・養殖・生,10,171,0.2,17.7,10.2,0.1
こい・養殖・水煮,10,208,0.2,19.2,13.4,0.1
こい・養殖・内臓・生,10,287,1.3,9,25.9,0.2
まごち・生,10,100,0.2,22.5,0.5,0.3
めごち・生,10,75,0.1,17.5,0.1,0.4
このしろ・生,10,160,0.4,19,8.3,0.4
このしろ・甘酢漬,10,193,6.4,19.1,10.1,2.3
からふとます・生,10,154,0.1,21.7,6.6,0.2
からふとます・焼き,10,191,0.1,28.1,7.7,0.2
からふとます・塩ます,10,160,0.6,20.9,7.4,5.8
からふとます・水煮缶詰,10,156,0.1,20.7,7.2,0.9
ぎんざけ・養殖・生,10,204,0.3,19.6,12.8,0.1
ぎんざけ・養殖・焼き,10,257,0.4,25.2,15.8,0.2
さくらます・生,10,161,0.1,20.9,7.7,0.1
さくらます・焼き,10,233,0.1,28.4,12,0.2
しろさけ・生,10,133,0.1,22.3,4.1,0.2
しろさけ・水煮,10,152,0.1,25.5,4.7,0.2
しろさけ・焼き,10,171,0.1,29.1,5.1,0.2
しろさけ・新巻き・生,10,154,0.1,22.8,6.1,3
しろさけ・新巻き・焼き,10,198,0.1,29.3,7.9,2.1
しろさけ・塩ざけ,10,199,0.1,22.4,11.1,1.8
しろさけ・イクラ,10,272,0.2,32.6,15.6,2.3
しろさけ・すじこ,10,282,0.9,30.5,17.4,4.8
しろさけ・めふん,10,77,0.4,16.9,0.9,14.7
しろさけ・水煮缶詰,10,170,0.1,21.2,8.5,0.6
たいせいようさけ・養殖・生,10,237,0.1,20.1,16.1,0.1
たいせいようさけ・養殖・焼き,10,295,0.1,25.1,20,0.1
にじます・海面養殖・皮つき、生,10,224,0.1,21.4,14.2,0.2
にじます・海面養殖・皮なし、刺身,10,189,0.2,20.5,10.8,0.1
にじます・海面養殖・皮つき、焼き,10,266,0.4,27.2,15.8,0.2
にじます・淡水養殖・皮つき、生,10,127,0.1,19.7,4.6,0.1
べにざけ・生,10,138,0.1,22.5,4.5,0.1
べにざけ・焼き,10,177,0.1,28.5,6,0.2
べにざけ・くん製,10,161,0.1,25.7,5.5,3.8
ますのすけ・生,10,200,0,19.5,12.5,0.1
ますのすけ・焼き,10,269,0,26.4,16.7,0.1
まさば・生,10,247,0.3,20.6,16.8,0.3
まさば・水煮,10,309,0.3,22.6,22.6,0.2
まさば・焼き,10,318,0.4,25.2,22.4,0.3
まさば・フライ,10,332,6.5,20,25.1,0.3
ごまさば・生,10,146,0.3,23,5.1,0.2
ごまさば・水煮,10,155,0.2,24.8,5.2,0.1
ごまさば・焼き,10,195,0.3,31.1,6.6,0.2
ごまさば・さば節,10,360,0,73.9,5.1,0.9
たいせいようさば・生,10,326,0.4,17.2,26.8,0.3
たいせいようさば・水煮,10,348,0.4,18.6,28.5,0.2
たいせいようさば・焼き,10,370,0.5,21.8,29.3,0.3
加工品・塩さば,10,291,0.1,26.2,19.1,1.8
加工品・開き干し,10,348,0.2,18.7,28.5,1.7
加工品・しめさば,10,339,1.7,18.6,26.9,1.6
缶詰・水煮,10,190,0.2,20.9,10.7,0.9
缶詰・みそ煮,10,217,6.6,16.3,13.9,1.1
缶詰・味付け,10,215,4,21.4,12.6,1.3
あぶらつのざめ・生,10,159,0,16.8,9.4,0.3
よしきりざめ・生,10,85,0,18.9,0.6,0.5
ふかひれ,10,342,0,83.9,1.6,0.5
さより・生,10,95,0,19.6,1.3,0.5
さわら・生,10,177,0.1,20.1,9.7,0.2
さわら・焼き,10,202,0.1,23.6,10.8,0.2
さんま・皮つき、生,10,297,0.1,17.6,23.6,0.3
さんま・皮なし、刺身,10,335,0.2,16.9,28,0.3
さんま・皮つき、焼き,10,270,0.2,23.9,17.9,0.3
さんま・開き干し,10,261,0.1,19.3,19,1.3
さんま・みりん干し,10,409,20.4,23.9,25.8,3.6
さんま・缶詰・味付け,10,268,5.6,18.9,18.9,1.4
さんま・缶詰・かば焼,10,225,9.7,17.4,13,1.5
しいら・生,10,108,0,21.3,1.9,0.1
ししゃも・生干し・生,10,166,0.2,21,8.1,1.2
ししゃも・生干し・焼き,10,177,0.2,24.3,7.8,1.6
からふとししゃも・生干し・生,10,177,0.5,15.6,11.6,1.5
からふとししゃも・生干し・焼き,10,186,0.6,18.2,11.3,2
したびらめ・生,10,96,0,19.2,1.6,0.4
しまあじ・養殖・生,10,168,0.1,21.9,8,0.1
しらうお・生,10,77,0.1,13.6,2,0.4
シルバー・生,10,153,0,18.6,7.9,0.2
すずき・生,10,123,0,19.8,4.2,0.2
きだい・生,10,108,0.2,18.6,3.1,0.2
くろだい・生,10,150,0.3,20.4,6.7,0.1
ちだい・生,10,105,0.1,19.4,2.4,0.2
まだい・天然・生,10,142,0.1,20.6,5.8,0.1
まだい・養殖・皮つき・生,10,177,0.1,20.9,9.4,0.1
まだい・養殖・皮なし・刺身,10,146,0.2,21.2,5.9,0.1
まだい・養殖・皮つき・水煮,10,206,0.1,22.2,11.9,0.1
まだい・養殖・皮つき・焼き,10,210,0.1,22.7,12,0.1
たかさご・生,10,100,0.1,20.2,1.5,0.1
たかべ・生,10,164,0,18.7,9,0.3
たちうお・生,10,266,0,16.5,20.9,0.2
すけとうだら・生,10,76,0,17.4,0.3,0.3
すけとうだら・フライ,10,207,5.7,19.2,11.9,0.4
すけとうだら・すり身,10,98,6.6,17.5,0.2,0.3
すけとうだら・すきみだら,10,174,0.1,40.5,0.3,18.8
すけとうだら・たらこ・生,10,140,0.4,24,4.7,4.6
すけとうだら・たらこ・焼き,10,170,0.5,28.3,6.1,5.3
すけとうだら・からしめんたいこ,10,126,3,21,3.3,5.6
まだら・生,10,77,0.1,17.6,0.2,0.3
まだら・焼き,10,109,0.2,25.2,0.2,0.4
まだら・しらこ・生,10,62,0.2,13.4,0.8,0.3
まだら・塩だら,10,65,0,15.2,0.1,2
まだら・干しだら,10,317,0.1,73.2,0.8,3.8
まだら・でんぶ,10,278,41.5,25.5,1.1,4.1
ちか・生,10,88,0,19.5,0.6,0.6
どじょう・生,10,79,0,16.1,1.2,0.2
どじょう・水煮,10,83,0,17.1,1.2,0.3
とびうお・生,10,96,0.1,21,0.7,0.2
ナイルティラピア・生,10,134,0.2,19.8,5.3,0.2
なまず・生,10,159,0,18.4,8.6,0.1
にぎす・生,10,91,0.1,18.7,1.2,0.5
にしん・生,10,216,0.1,17.4,15.1,0.3
にしん・身欠きにしん,10,246,0.2,20.9,16.7,0.4
にしん・開き干し,10,264,0.2,18.5,19.7,0.9
にしん・くん製,10,305,0,23.1,22.1,9.9
にしん・かずのこ・生,10,162,0.2,25.2,6.7,0.8
にしん・かずのこ・乾,10,385,0.5,65.2,13.6,3.6
にしん・かずのこ・塩蔵・水戻し,10,89,0.6,15,3,1.2
はぜ・生,10,83,0.1,19.1,0.2,0.2
はぜ・つくだ煮,10,284,39.9,24.3,3,5.6
はぜ・甘露煮,10,265,40.3,21.1,2.2,3.8
はたはた・生,10,113,0,14.1,5.7,0.5
はたはた・生干し,10,167,0,16.7,10.3,1.3
はまふえふき・生,10,90,0.1,20.5,0.3,0.2
はも・生,10,144,0,22.3,5.3,0.2
ひらまさ・生,10,142,0.1,22.6,4.9,0.1
ひらめ・天然・生,10,103,0,20,2,0.1
ひらめ・養殖・皮つき・生,10,126,0,21.6,3.7,0.1
ひらめ・養殖・皮なし・刺身,10,113,0.1,21.2,2.5,0.1
とらふぐ・養殖・生,10,85,0.2,19.3,0.3,0.3
まふぐ・生,10,84,0,18.9,0.4,0.2
ふな・生,10,101,0.1,18.2,2.5,0.1
ふな・水煮,10,112,0.1,20.3,2.8,0.1
ふな・甘露煮,10,272,44.4,15.5,3.6,3.3
ぶり・成魚・生,10,257,0.3,21.4,17.6,0.1
ぶり・成魚・焼き,10,304,0.3,26.2,20.4,0.1
ぶり・はまち・養殖・皮つき・生,10,251,0.3,20.7,17.2,0.1
ぶり・はまち・養殖・皮なし・刺身,10,203,0.3,21,12,0.1
ほうぼう・生,10,122,0,19.6,4.2,0.3
ホキ・生,10,84,0,17,1.3,0.4
ほっけ・生,10,115,0.1,17.3,4.4,0.2
ほっけ・塩ほっけ,10,123,0.1,18.1,4.9,3.6
ほっけ・開き干し・生,10,176,0.1,20.6,9.4,1.8
ほっけ・開き干し・焼き,10,200,0.2,23.1,10.9,2
ぼら・生,10,128,0.1,19.2,5,0.2
ぼら・からすみ,10,423,0.3,40.4,28.9,3.6
ほんもろこ・生,10,113,0.1,17.5,4.1,0.2
きはだ・生,10,106,0,24.3,0.4,0.1
くろまぐろ・赤身・生,10,125,0.1,26.4,1.4,0.1
くろまぐろ・脂身・生,10,344,0.1,20.1,27.5,0.2
びんなが・生,10,117,0.2,26,0.7,0.1
みなみまぐろ・赤身・生,10,93,0.1,21.6,0.1,0.1
みなみまぐろ・脂身・生,10,352,0.1,20.3,28.3,0.1
めじまぐろ・生,10,152,0.1,25.2,4.8,0.1
めばち・生,10,108,0.2,22.8,1.2,0.1
缶詰・水煮・フレーク・ライト,10,71,0.2,16,0.7,0.5
缶詰・水煮・フレーク・ホワイト,10,97,0.4,18.3,2.5,0.7
缶詰・味付け・フレーク,10,136,9.9,19,2.3,1.9
缶詰・油漬・フレーク・ライト,10,267,0.1,17.7,21.7,0.9
缶詰・油漬・フレーク・ホワイト,10,288,0.1,18.8,23.6,0.9
マジェランあいなめ・生,10,272,0.1,13.3,22.9,0.2
まながつお・生,10,175,0,17.1,10.9,0.4
みなみくろたち・生,10,120,0.1,21.7,3,0.3
みなみだら・生,10,72,0,16.4,0.3,0.6
むつ・生,10,189,0,16.7,12.6,0.2
むつ・水煮,10,173,0,22.2,8.4,0.2
めじな・生,10,125,0.1,19.4,4.5,0.2
めばる・生,10,109,0,18.1,3.5,0.2
メルルーサ・生,10,77,0,17,0.6,0.4
やつめうなぎ・生,10,273,0.2,15.8,21.8,0.1
やつめうなぎ・干しやつめ,10,508,0.5,50.3,31.2,0.3
やまめ・養殖・生,10,119,0.3,18.4,4.3,0.1
わかさぎ・生,10,77,0.1,14.4,1.7,0.5
わかさぎ・つくだ煮,10,317,38.2,28.7,5.5,4.8
わかさぎ・あめ煮,10,313,40.4,26.3,5.1,4.1
あかがい・生,10,74,3.5,13.5,0.3,0.8
あげまき・生,10,48,2,8.1,0.6,1.5
あさり・生,10,30,0.4,6,0.3,2.2
あさり・つくだ煮,10,225,30.1,20.8,2.4,7.4
あさり・缶詰・水煮,10,114,1.9,20.3,2.2,1
あさり・缶詰・味付け,10,130,11.5,16.6,1.9,1.6
あわび・生,10,73,4,12.7,0.3,0.8
あわび・干し,10,273,23.8,38,1.6,7.4
あわび・塩辛,10,100,1.4,14.8,3.9,6.6
あわび・水煮缶詰,10,90,1,19.4,0.4,1.4
いがい・生,10,70,3.2,10.3,1.4,1.4
いたやがい・養殖・生,10,59,1.5,10.8,0.8,1.1
エスカルゴ・水煮缶詰,10,82,0.8,16.5,1,0.7
かき・養殖・生,10,60,4.7,6.6,1.4,1.3
かき・養殖・水煮,10,91,7.4,9.5,2.2,1.1
かき・くん製油漬缶詰,10,298,11.2,12.5,22.6,0.8
さざえ・生,10,89,0.8,19.4,0.4,0.6
さざえ・焼き,10,97,0.9,21.3,0.4,0.7
さるぼう・味付け缶詰,10,135,12.9,15.9,2.2,2.2
しじみ・生,10,64,4.5,7.5,1.4,0.4
しじみ・水煮,10,113,5.5,15.4,2.7,0.3
たいらがい・貝柱・生,10,100,1.5,21.8,0.2,0.7
たにし・生,10,80,3.6,13,1.1,0.1
つぶ・生,10,86,2.3,17.8,0.2,1
とこぶし・生,10,84,3,16,0.4,0.7
とりがい・斧足・生,10,86,6.9,12.9,0.3,0.3
ばい・生,10,87,3.1,16.3,0.6,0.6
ばかがい・生,10,61,2.4,10.9,0.5,0.8
はまぐり・生,10,39,1.8,6.1,0.6,2
はまぐり・水煮,10,89,2.9,14.9,1.5,1.2
はまぐり・焼き,10,77,2.8,13.3,1,2
はまぐり・つくだ煮,10,219,21.4,27,2.8,7.1
ちょうせんはまぐり・生,10,42,2.7,6.5,0.4,1.3
ほたてがい・生,10,72,1.5,13.5,0.9,0.8
ほたてがい・水煮,10,100,1.9,17.6,1.9,0.6
ほたてがい・貝柱・生,10,88,3.5,16.9,0.3,0.3
ほたてがい・貝柱・焼き,10,122,4.6,23.8,0.3,0.4
ほたてがい・貝柱・煮干し,10,322,7.6,65.7,1.4,6.4
ほたてがい・貝柱・水煮缶詰,10,94,1.5,19.5,0.6,1
ほっきがい・生,10,73,3.8,11.1,1.1,0.6
みるがい・水管・生,10,82,0.3,18.3,0.4,0.8
あまえび・生,10,87,0.1,19.8,0.3,0.8
いせえび・生,10,92,0,20.9,0.4,0.9
くるまえび・養殖・生,10,97,0,21.6,0.6,0.4
くるまえび・養殖・ゆで,10,124,0,28.2,0.5,0.5
くるまえび・養殖・焼き,10,103,0,23.5,0.4,0.5
さくらえび・ゆで,10,91,0,18.2,1.5,2.1
さくらえび・素干し,10,312,0.1,64.9,4,3
さくらえび・煮干し,10,273,0.1,59.1,2.5,8.6
大正えび・生,10,95,0.1,21.7,0.3,0.5
しばえび・生,10,83,0.1,18.7,0.4,0.6
バナメイエビ・養殖・生,10,91,0.7,19.6,0.6,0.3
バナメイエビ・養殖・天ぷら,10,199,6.5,20,10.3,0.3
ブラックタイガー・養殖・生,10,82,0.3,18.4,0.3,0.4
加工品・干しえび,10,233,0.3,48.6,2.8,3.8
加工品・つくだ煮,10,244,30.1,25.9,2.2,4.8
がざみ・生,10,65,0.3,14.4,0.3,0.9
毛がに・生,10,72,0.2,15.8,0.5,0.6
毛がに・ゆで,10,83,0.2,18.4,0.5,0.6
ずわいがに・生,10,63,0.1,13.9,0.4,0.8
ずわいがに・ゆで,10,69,0.1,15,0.6,0.6
ずわいがに・水煮缶詰,10,73,0.2,16.3,0.4,1.7
たらばがに・生,10,59,0.2,13,0.3,0.9
たらばがに・ゆで,10,80,0.3,17.5,0.5,0.8
たらばがに・水煮缶詰,10,90,0.1,20.6,0.3,1.5
加工品・がん漬,10,59,5.4,8.4,0.4,19.1
あかいか・生,10,89,0,17.9,1.4,0.5
けんさきいか・生,10,84,0.1,17.5,1,0.5
こういか・生,10,66,0.1,14.9,0.3,0.7
するめいか・生,10,83,0.1,17.9,0.8,0.5
するめいか・水煮,10,101,0.1,21.9,0.9,0.6
するめいか・焼き,10,109,0.1,23.6,1,0.8
するめいか・胴・皮つき・生,10,86,0.1,18.6,0.7,0.5
するめいか・胴・皮なし・刺身,10,85,0.1,18.6,0.6,0.5
するめいか・胴・皮なし・天ぷら,10,189,6.3,16.7,10.8,0.4
するめいか・耳・足・生,10,80,0,16.9,0.9,0.6
ほたるいか・生,10,84,0.2,11.8,3.5,0.7
ほたるいか・ゆで,10,104,0.4,17.7,2.9,0.6
ほたるいか・くん製,10,325,21.3,43.1,7.5,3.8
ほたるいか・つくだ煮,10,260,22.9,27,6.7,3
やりいか・生,10,85,0.4,17.6,1,0.4
加工品・するめ,10,334,0.4,69.2,4.3,2.3
加工品・さきいか,10,279,17.3,45.5,3.1,6.9
加工品・くん製,10,206,12.8,35.2,1.5,6.1
加工品・切りいかあめ煮,10,318,46.1,22.7,4.7,2.8
加工品・いかあられ,10,293,49.1,20,1.8,1.8
加工品・塩辛,10,117,6.5,15.2,3.4,6.9
加工品・味付け缶詰,10,133,7.7,21.4,1.8,1.8
いいだこ・生,10,70,0.1,14.6,0.8,0.6
まだこ・生,10,76,0.1,16.4,0.7,0.7
まだこ・ゆで,10,99,0.1,21.7,0.7,0.6
あみ・つくだ煮,10,233,35.1,19.1,1.8,6.9
あみ・塩辛,10,65,0.8,12.9,1.1,19.8
うに・生うに,10,120,3.3,16,4.8,0.6
うに・粒うに,10,183,15.6,17.2,5.8,8.4
うに・練りうに,10,170,22.4,13.5,2.9,7.1
おきあみ・生,10,94,0.2,15,3.2,1.1
おきあみ・ゆで,10,86,0,13.8,3,1.6
くらげ・塩蔵・塩抜き,10,22,0,5.2,0.1,0.3
しゃこ・ゆで,10,98,0.2,19.2,1.7,0.8
なまこ・生,10,23,0.5,4.6,0.3,1.7
なまこ・このわた,10,64,0.5,11.4,1.8,4.6
ほや・生,10,30,0.8,5,0.8,3.3
ほや・塩辛,10,72,3.8,11.6,1.1,3.6
かに風味かまぼこ,10,90,9.2,12.1,0.5,2.2
昆布巻きかまぼこ,10,84,11,8.9,0.5,2.4
す巻きかまぼこ,10,90,8.7,12,0.8,2.2
蒸しかまぼこ,10,95,9.7,12,0.9,2.5
焼き抜きかまぼこ,10,103,7.4,16.2,1,2.4
焼き竹輪,10,121,13.5,12.2,2,2.1
だて巻,10,196,17.6,14.6,7.5,0.9
つみれ,10,113,6.5,12,4.3,1.4
なると,10,80,11.6,7.6,0.4,2
はんぺん,10,94,11.4,9.9,1,1.5
さつま揚げ,10,139,13.9,12.5,3.7,1.9
魚肉ハム,10,158,11.1,13.4,6.7,2.3
魚肉ソーセージ,10,161,12.6,11.5,7.2,2.1
いのしし・肉・脂身つき・生,11,268,0.5,18.8,19.8,0.1
いのぶた・肉・脂身つき・生,11,304,0.3,18.1,24.1,0.1
うさぎ・肉・赤肉・生,11,146,0,20.5,6.3,0.1
うし・かた・脂身つき・生,11,286,0.3,17.7,22.3,0.1
うし・かた・皮下脂肪なし・生,11,265,0.3,18.3,19.8,0.1
うし・かた・赤肉・生,11,201,0.3,20.2,12.2,0.1
うし・かた・脂身・生,11,751,0,4,78,0
うし・かたロース・脂身つき・生,11,411,0.2,13.8,37.4,0.1
うし・かたロース・皮下脂肪なし・生,11,403,0.2,14,36.5,0.1
うし・かたロース・赤肉・生,11,316,0.2,16.5,26.1,0.1
うし・リブロース・脂身つき・生,11,573,0.1,9.7,56.5,0.1
うし・リブロース・脂身つき・焼き,11,597,0.2,14.6,56.8,0.1
うし・リブロース・脂身つき・ゆで,11,601,0.1,12.6,58.2,0.1
うし・リブロース・皮下脂肪なし・生,11,556,0.1,10.3,54.4,0.1
うし・リブロース・赤肉・生,11,436,0.2,14,40,0.1
うし・リブロース・脂身・生,11,752,0,4.2,78,0.1
うし・サーロイン・脂身つき・生,11,498,0.3,11.7,47.5,0.1
うし・サーロイン・皮下脂肪なし・生,11,456,0.3,12.9,42.5,0.1
うし・サーロイン・赤肉・生,11,317,0.4,17.1,25.8,0.1
うし・ばら・脂身つき・生,11,517,0.1,11,50,0.1
うし・もも・脂身つき・生,11,259,0.5,19.2,18.7,0.1
うし・もも・皮下脂肪なし・生,11,233,0.6,20.2,15.5,0.1
うし・もも・皮下脂肪なし・焼き,11,333,0.5,27.7,22.7,0.1
うし・もも・皮下脂肪なし・ゆで,11,328,0.2,25.7,23.3,0.1
うし・もも・赤肉・生,11,193,0.6,21.3,10.7,0.1
うし・もも・脂身・生,11,728,0,4.4,75.4,0.1
うし・そともも・脂身つき・生,11,265,0.5,17.8,20,0.1
うし・そともも・皮下脂肪なし・生,11,237,0.5,18.7,16.6,0.1
うし・そともも・赤肉・生,11,172,0.6,20.7,8.7,0.1
うし・ランプ・脂身つき・生,11,347,0.4,15.1,29.9,0.1
うし・ランプ・皮下脂肪なし・生,11,318,0.4,16,26.4,0.1
うし・ランプ・赤肉・生,11,211,0.5,19.2,13.6,0.1
うし・ヒレ・赤肉・生,11,223,0.3,19.1,15,0.1
うし・かた・脂身つき・生,11,257,0.4,16.8,19.6,0.1
うし・かた・皮下脂肪なし・生,11,217,0.4,17.9,14.9,0.1
うし・かた・赤肉・生,11,143,0.5,19.9,6.1,0.2
うし・かた・脂身・生,11,709,0,4.5,73.3,0.1
うし・かたロース・脂身つき・生,11,318,0.2,16.2,26.4,0.1
うし・かたロース・皮下脂肪なし・生,11,308,0.2,16.5,25.2,0.1
うし・かたロース・赤肉・生,11,212,0.2,19.1,13.9,0.1
うし・リブロース・脂身つき・生,11,409,0.2,14.1,37.1,0.1
うし・リブロース・脂身つき・焼き,11,511,0.3,20.4,45,0.1
うし・リブロース・脂身つき・ゆで,11,478,0.3,17.2,43,0.1
うし・リブロース・皮下脂肪なし・生,11,378,0.2,15,33.4,0.1
うし・リブロース・赤肉・生,11,248,0.3,18.8,17.8,0.1
うし・リブロース・脂身・生,11,773,0,3.7,80.5,0
うし・サーロイン・脂身つき・生,11,334,0.4,16.5,27.9,0.1
うし・サーロイン・皮下脂肪なし・生,11,270,0.5,18.4,20.2,0.1
うし・サーロイン・赤肉・生,11,177,0.6,21.1,9.1,0.2
うし・ばら・脂身つき・生,11,426,0.3,12.8,39.4,0.1
うし・ばら・脂身つき・焼き,11,484,0.3,15.9,44.2,0.2
うし・もも・脂身つき・生,11,209,0.4,19.5,13.3,0.1
うし・もも・皮下脂肪なし・生,11,181,0.4,20.5,9.9,0.1
うし・もも・皮下脂肪なし・焼き,11,245,0.6,28,13.2,0.2
うし・もも・皮下脂肪なし・ゆで,11,252,0.6,28.4,13.8,0.1
うし・もも・赤肉・生,11,140,0.4,21.9,4.9,0.1
うし・もも・脂身・生,11,626,0.2,5.1,64.1,0.1
うし・そともも・脂身つき・生,11,233,0.6,18.2,16.3,0.1
うし・そともも・皮下脂肪なし・生,11,190,0.6,19.6,11.1,0.1
うし・そともも・赤肉・生,11,140,0.7,21.3,5,0.2
うし・ランプ・脂身つき・生,11,248,0.6,18.6,17.8,0.1
うし・ランプ・皮下脂肪なし・生,11,216,0.6,19.7,13.9,0.1
うし・ランプ・赤肉・生,11,153,0.7,22,6.1,0.2
うし・ヒレ・赤肉・生,11,195,0.5,20.8,11.2,0.1
うし・ヒレ・赤肉・焼き,11,259,0.4,27.2,15.2,0.2
うし・リブロース・脂身つき・生,11,539,0.3,12,51.8,0.1
うし・リブロース・脂身つき・焼き,11,627,0.2,14.5,60.1,0.1
うし・リブロース・脂身つき・ゆで,11,588,0.1,13.2,56.5,0
うし・リブロース・皮下脂肪なし・生,11,484,0.3,13.6,45.2,0.1
うし・リブロース・赤肉・生,11,376,0.4,16.7,32.3,0.1
うし・リブロース・脂身・生,11,831,0,3.6,86.7,0
うし・ばら・脂身つき・生,11,470,0.3,12.2,44.4,0.2
うし・もも・脂身つき・生,11,343,0.4,16.4,28.9,0.2
うし・もも・皮下脂肪なし・生,11,282,0.4,18.3,21.6,0.2
うし・もも・皮下脂肪なし・焼き,11,367,0.5,25,27.6,0.2
うし・もも・皮下脂肪なし・ゆで,11,375,0.2,25.7,28.2,0.1
うし・もも・赤肉・生,11,248,0.5,19.3,17.5,0.2
うし・もも・脂身・生,11,734,0.1,4.8,75.8,0.1
うし・ヒレ・赤肉・生,11,251,0.4,19,18,0.1
うし・かた・脂身つき・生,11,180,0.1,19,10.6,0.1
うし・かた・皮下脂肪なし・生,11,157,0.1,19.6,7.8,0.1
うし・かた・赤肉・生,11,130,0.1,20.4,4.6,0.1
うし・かた・脂身・生,11,599,0,7.1,60.5,0.1
うし・かたロース・脂身つき・生,11,240,0.1,17.9,17.4,0.1
うし・かたロース・皮下脂肪なし・生,11,237,0.1,18,17.1,0.1
うし・かたロース・赤肉・生,11,173,0.1,19.7,9.5,0.1
うし・リブロース・脂身つき・生,11,231,0.4,20.1,15.4,0.1
うし・リブロース・脂身つき・焼き,11,332,0.3,25,23.9,0.1
うし・リブロース・脂身つき・ゆで,11,335,0.1,25.8,23.9,0
うし・リブロース・皮下脂肪なし・生,11,223,0.4,20.3,14.4,0.1
うし・リブロース・赤肉・生,11,179,0.4,21.7,9.1,0.1
うし・リブロース・脂身・生,11,712,0.1,5.7,73.1,0
うし・サーロイン・脂身つき・生,11,298,0.4,17.4,23.7,0.1
うし・サーロイン・皮下脂肪なし・生,11,238,0.4,19.1,16.5,0.1
うし・サーロイン・赤肉・生,11,136,0.5,22,4.4,0.1
うし・ばら・脂身つき・生,11,371,0.2,14.4,32.9,0.1
うし・もも・脂身つき・生,11,165,0.4,19.6,8.6,0.1
うし・もも・皮下脂肪なし・生,11,149,0.4,20,6.7,0.1
うし・もも・皮下脂肪なし・焼き,11,253,0.4,28,14.1,0.1
うし・もも・皮下脂肪なし・ゆで,11,231,0.2,30,11,0
うし・もも・赤肉・生,11,132,0.4,21.2,4.3,0.1
うし・もも・脂身・生,11,633,0.2,6.3,64.4,0
うし・そともも・脂身つき・生,11,215,0.3,18.7,14.3,0.1
うし・そともも・皮下脂肪なし・生,11,195,0.3,19.3,11.9,0.1
うし・そともも・赤肉・生,11,127,0.3,21.2,3.9,0.1
うし・ランプ・脂身つき・生,11,234,0.4,18.4,16.4,0.1
うし・ランプ・皮下脂肪なし・生,11,190,0.5,19.7,11.1,0.1
うし・ランプ・赤肉・生,11,121,0.5,21.6,3,0.1
うし・ヒレ・赤肉・生,11,133,0.3,20.5,4.8,0.1
うし・リブロース・皮下脂肪なし・生,11,101,0.3,21.7,0.9,0.2
うし・ばら・皮下脂肪なし・生,11,122,0,20.9,3.6,0.3
うし・もも・皮下脂肪なし・生,11,116,0.2,21.2,2.7,0.1
うし・生,11,272,0.3,17.1,21.1,0.2
うし・焼き,11,311,0.4,25.9,21.3,0.2
うし・舌・生,11,356,0.2,13.3,31.8,0.2
うし・舌・焼き,11,435,0.2,20.2,37.1,0.2
うし・心臓・生,11,142,0.1,16.5,7.6,0.2
うし・肝臓・生,11,132,3.7,19.6,3.7,0.1
うし・じん臓・生,11,131,0.2,16.7,6.4,0.2
うし・第一胃・ゆで,11,182,0,24.5,8.4,0.1
うし・第二胃・ゆで,11,200,0,12.4,15.7,0.1
うし・第三胃・生,11,62,0,11.7,1.3,0.1
うし・第四胃・ゆで,11,329,0,11.1,30,0.1
うし・小腸・生,11,287,0,9.9,26.1,0.2
うし・大腸・生,11,162,0,9.3,13,0.2
うし・直腸・生,11,115,0,11.6,7,0.2
うし・腱・ゆで,11,155,0,28.3,4.9,0.2
うし・子宮・ゆで,11,106,0,18.4,3,0.2
うし・尾・生,11,492,0,11.6,47.1,0.1
うし・横隔膜・生,11,301,0.3,14.9,25.2,0.1
うし・ローストビーフ,11,196,0.9,21.7,11.7,0.8
うし・コンビーフ缶詰,11,203,1.7,19.8,13,1.8
うし・味付け缶詰,11,156,9.9,19.2,4.4,1.8
うし・ビーフジャーキー,11,315,6.4,54.8,7.8,4.8
うし・スモークタン,11,283,0.9,18.1,23,1.6
うま・肉・赤肉・生,11,110,0.3,20.1,2.5,0.1
くじら・肉・赤肉・生,11,106,0.2,24.1,0.4,0.2
くじら・うねす・生,11,376,0.2,18.8,31.4,0.4
くじら・本皮・生,11,689,0.2,9.7,68.8,0.1
くじら・さらしくじら,11,31,0,5.3,0.9,0
しか・あかしか・赤肉・生,11,110,0.5,22.3,1.5,0.1
しか・にほんじか・赤肉・生,11,147,0.6,22.6,5.2,0.1
ぶた・かた・脂身つき・生,11,216,0.2,18.5,14.6,0.1
ぶた・かた・皮下脂肪なし・生,11,171,0.2,19.7,9.3,0.1
ぶた・かた・赤肉・生,11,125,0.2,20.9,3.8,0.1
ぶた・かた・脂身・生,11,704,0,5.3,72.4,0.1
ぶた・かたロース・脂身つき・生,11,253,0.1,17.1,19.2,0.1
ぶた・かたロース・皮下脂肪なし・生,11,226,0.1,17.8,16,0.1
ぶた・かたロース・赤肉・生,11,157,0.1,19.7,7.8,0.2
ぶた・かたロース・脂身・生,11,688,0,5.4,70.7,0.1
ぶた・ロース・脂身つき・生,11,263,0.2,19.3,19.2,0.1
ぶた・ロース・脂身つき・焼き,11,328,0.3,26.7,22.7,0.1
ぶた・ロース・脂身つき・ゆで,11,329,0.3,23.9,24.1,0.1
ぶた・ロース・脂身つき・とんかつ,11,450,9.8,22,35.9,0.3
ぶた・ロース・皮下脂肪なし・生,11,202,0.3,21.1,11.9,0.1
ぶた・ロース・赤肉・生,11,150,0.3,22.7,5.6,0.1
ぶた・ロース・脂身・生,11,740,0,5.1,76.3,0
ぶた・ばら・脂身つき・生,11,395,0.1,14.4,35.4,0.1
ぶた・ばら・脂身つき・焼き,11,496,0.1,19.6,43.9,0.1
ぶた・もも・脂身つき・生,11,183,0.2,20.5,10.2,0.1
ぶた・もも・皮下脂肪なし・生,11,148,0.2,21.5,6,0.1
ぶた・もも・皮下脂肪なし・焼き,11,200,0.3,30.2,7.6,0.1
ぶた・もも・皮下脂肪なし・ゆで,11,199,0.3,28.9,8.1,0.1
ぶた・もも・赤肉・生,11,128,0.2,22.1,3.6,0.1
ぶた・もも・脂身・生,11,664,0,6.5,67.6,0.1
ぶた・そともも・脂身つき・生,11,235,0.2,18.8,16.5,0.1
ぶた・そともも・皮下脂肪なし・生,11,187,0.2,20.2,10.7,0.1
ぶた・そともも・赤肉・生,11,143,0.2,21.4,5.5,0.1
ぶた・そともも・脂身・生,11,669,0,6.6,68.1,0.1
ぶた・ヒレ・赤肉・生,11,130,0.3,22.2,3.7,0.1
ぶた・ヒレ・赤肉・焼き,11,223,0.4,39.3,5.9,0.2
ぶた・ヒレ・赤肉・とんかつ,11,388,14.9,25.1,25.3,0.4
ぶた・かた・脂身つき・生,11,239,0,18.3,17.2,0.1
ぶた・かた・皮下脂肪なし・生,11,185,0,19.7,10.8,0.1
ぶた・かた・赤肉・生,11,123,0,21.4,3.5,0.2
ぶた・かた・脂身・生,11,733,0,4.9,75.7,0.1
ぶた・かたロース・脂身つき・生,11,256,0,17.7,19.3,0.1
ぶた・かたロース・皮下脂肪なし・生,11,226,0,18.5,15.7,0.1
ぶた・かたロース・赤肉・生,11,151,0,20.6,6.8,0.2
ぶた・かたロース・脂身・生,11,699,0,5.4,71.9,0.1
ぶた・ロース・脂身つき・生,11,291,0.2,18.3,22.6,0.1
ぶた・ロース・皮下脂肪なし・生,11,216,0.2,20.6,13.6,0.1
ぶた・ロース・赤肉・生,11,141,0.2,22.9,4.6,0.1
ぶた・ロース・脂身・生,11,754,0,4.1,78.3,0
ぶた・ばら・脂身つき・生,11,434,0,13.4,40.1,0.1
ぶた・もも・脂身つき・生,11,225,0.2,19.5,15.1,0.1
ぶた・もも・皮下脂肪なし・生,11,164,0.2,21.3,7.8,0.1
ぶた・もも・赤肉・生,11,143,0.2,21.9,5.3,0.1
ぶた・もも・脂身・生,11,716,0,5.2,73.8,0
ぶた・そともも・脂身つき・生,11,268,0.2,18,20.3,0.1
ぶた・そともも・皮下脂肪なし・生,11,169,0.2,21,8.5,0.1
ぶた・そともも・赤肉・生,11,138,0.2,21.9,4.8,0.1
ぶた・そともも・脂身・生,11,703,0,4.9,72.5,0.1
ぶた・ヒレ・赤肉・生,11,112,0.1,22.7,1.7,0.1
ぶた・生,11,236,0.1,17.7,17.2,0.1
ぶた・焼き,11,311,0.1,25.7,21.5,0.2
ぶた・舌・生,11,221,0.1,15.9,16.3,0.2
ぶた・心臓・生,11,135,0.1,16.2,7,0.2
ぶた・肝臓・生,11,128,2.5,20.4,3.4,0.1
ぶた・じん臓・生,11,114,0,14.1,5.8,0.4
ぶた・胃・ゆで,11,121,0,17.4,5.1,0.3
ぶた・小腸・ゆで,11,171,0,14,11.9,0
ぶた・大腸・ゆで,11,179,0,11.7,13.8,0.1
ぶた・子宮・生,11,70,0,14.6,0.9,0.3
ぶた・豚足・ゆで,11,230,0,20.1,16.8,0.3
ぶた・軟骨・ゆで,11,231,0,17.8,17.9,0.3
ぶた・骨付きハム,11,219,0.8,16.7,16.6,2.5
ぶた・ボンレスハム,11,118,1.8,18.7,4,2.8
ぶた・ロースハム,11,196,1.3,16.5,13.9,2.5
ぶた・ショルダーハム,11,231,0.6,16.1,18.2,1.6
ぶた・生ハム・促成,11,247,0.5,24,16.6,2.8
ぶた・生ハム・長期熟成,11,268,0,25.7,18.4,5.6
ぶた・プレスハム,11,118,3.9,15.4,4.5,2.4
ぶた・チョップドハム,11,135,12.7,11.7,4.2,2.5
ぶた・ベーコン,11,405,0.3,12.9,39.1,2
ぶた・ロースベーコン,11,211,3.2,16.8,14.6,2.2
ぶた・ショルダーベーコン,11,186,2.5,17.2,11.9,2.4
ぶた・ウインナーソーセージ,11,321,3,13.2,28.5,1.9
ぶた・セミドライソーセージ,11,339,2.6,15.4,29.7,2.8
ぶた・ドライソーセージ,11,497,2.1,25.4,43,3.6
ぶた・フランクフルトソーセージ,11,298,6.2,12.7,24.7,1.9
ぶた・ボロニアソーセージ,11,251,2.9,12.5,21,2.1
ぶた・リオナソーセージ,11,192,3.7,14.9,13.1,2.3
ぶた・レバーソーセージ,11,368,1.9,14.7,33.5,1.7
ぶた・混合ソーセージ,11,270,4.7,11.8,22.7,2.2
ぶた・生ソーセージ,11,279,0.8,14,24.4,1.7
ぶた・焼き豚,11,172,5.1,19.4,8.2,2.4
ぶた・レバーペースト,11,378,3.6,12.9,34.7,2.2
ぶた・スモークレバー,11,198,2.6,29.6,7.7,1.8
ぶた・ゼラチン,11,344,0,87.6,0.3,0.7
めんよう・ロース・脂身つき・生,11,225,0.2,19.8,15,0.2
めんよう・ロース・脂身つき・焼き,11,358,0.2,28.9,24.9,0.2
めんよう・もも・脂身つき・生,11,224,0.1,18.8,15.3,0.1
めんよう・かた・脂身つき・生,11,233,0.1,17.1,17.1,0.2
めんよう・ロース・脂身つき・生,11,310,0.2,15.6,25.9,0.2
めんよう・ロース・脂身つき・焼き,11,388,0.2,21.8,31.4,0.2
めんよう・もも・脂身つき・生,11,198,0.3,20,12,0.2
めんよう・もも・脂身つき・焼き,11,312,0.3,28.6,20.3,0.2
めんよう・混合プレスハム,11,107,3,14.4,4.1,2.2
やぎ・肉・赤肉・生,11,107,0.2,21.9,1.5,0.1
うずら・肉・皮つき・生,11,208,0.1,20.5,12.9,0.1
がちょう・フォアグラ・ゆで,11,510,1.5,8.3,49.9,0.1
かも・まがも・肉・皮なし・生,11,128,0.1,23.6,3,0.2
かも・あいがも・肉・皮つき・生,11,333,0.1,14.2,29,0.2
かも・あひる・肉・皮つき・生,11,250,0.1,14.9,19.8,0.2
かも・あひる・肉・皮なし・生,11,106,0.2,20.1,2.2,0.2
かも・あひる・皮・生,11,462,0,7.3,45.8,0.1
きじ・肉・皮なし・生,11,108,0.1,23,1.1,0.1
しちめんちょう・肉・皮なし・生,11,106,0.1,23.5,0.7,0.1
すずめ・肉・骨・皮つき・生,11,132,0.1,18.1,5.9,0.2
にわとり・手羽・皮つき・生,11,195,0,23,10.4,0.1
にわとり・むね・皮つき・生,11,244,0,19.5,17.2,0.1
にわとり・むね・皮なし・生,11,121,0,24.4,1.9,0.1
にわとり・もも・皮つき・生,11,253,0,17.3,19.1,0.1
にわとり・もも・皮なし・生,11,138,0,22,4.8,0.1
にわとり・ささ身・生,11,114,0,24.6,1.1,0.1
にわとり・手羽・皮つき・生,11,210,0,17.8,14.3,0.2
にわとり・手羽先・皮つき・生,11,226,0,17.4,16.2,0.2
にわとり・手羽元・皮つき・生,11,197,0,18.2,12.8,0.2
にわとり・むね・皮つき・生,11,145,0.1,21.3,5.9,0.1
にわとり・むね・皮つき・焼き,11,233,0.1,34.7,9.1,0.2
にわとり・むね・皮なし・生,11,116,0.1,23.3,1.9,0.1
にわとり・むね・皮なし・焼き,11,195,0.1,38.8,3.3,0.2
にわとり・もも・皮つき・生,11,204,0,16.6,14.2,0.2
にわとり・もも・皮つき・焼き,11,241,0,26.3,13.9,0.2
にわとり・もも・皮つき・ゆで,11,237,0,22.3,15.2,0.1
にわとり・もも・皮つき・から揚げ,11,313,13.3,24.2,18.1,2.5
にわとり・もも・皮なし・生,11,127,0,19,5,0.2
にわとり・もも・皮なし・焼き,11,161,0,25.5,5.7,0.2
にわとり・もも・皮なし・ゆで,11,155,0,25.1,5.2,0.1
にわとり・もも・皮なし・から揚げ,11,255,12.7,25.4,11.4,2.7
にわとり・ささ身・生,11,105,0,23,0.8,0.1
にわとり・ささ身・焼き,11,127,0,27.3,1.3,0.1
にわとり・ささ身・ゆで,11,125,0,27.3,1,0.1
にわとり・生,11,186,0,17.5,12,0.1
にわとり・焼き,11,255,0,27.5,14.8,0.2
にわとり・心臓・生,11,207,0,14.5,15.5,0.2
にわとり・肝臓・生,11,111,0.6,18.9,3.1,0.2
にわとり・筋胃・生,11,94,0,18.3,1.8,0.1
にわとり・皮・むね・生,11,492,0,9.4,48.1,0.1
にわとり・皮・もも・生,11,513,0,6.6,51.6,0.1
にわとり・軟骨・生,11,54,0.4,12.5,0.4,1
にわとり・焼き鳥缶詰,11,177,8.2,18.4,7.8,2.2
にわとり・チキンナゲット,11,245,14.9,15.5,13.7,1.6
にわとり・つくね,11,235,9.3,15.2,15.2,1.8
はと・肉・皮なし・生,11,141,0.3,21.8,5.1,0.2
ほろほろちょう・肉・皮なし・生,11,105,0.2,22.5,1,0.2
いなご・つくだ煮,11,247,32.3,26.3,1.4,4.8
かえる・肉・生,11,99,0.3,22.3,0.4,0.1
すっぽん・肉・生,11,197,0.5,16.4,13.4,0.2
はち・はちの子缶詰,11,250,30.2,16.2,7.2,1.7
あひる卵・ピータン,12,214,0,13.7,16.5,2
うこっけい卵・全卵・生,12,176,0.4,12,13,0.4
うずら卵・全卵・生,12,179,0.3,12.6,13.1,0.3
うずら卵・水煮缶詰,12,182,0.6,11,14.1,0.5
鶏卵・全卵・生,12,151,0.3,12.3,10.3,0.4
鶏卵・全卵・ゆで,12,151,0.3,12.9,10,0.3
鶏卵・全卵・ポーチドエッグ,12,164,0.2,12.3,11.7,0.3
鶏卵・全卵・水煮缶詰,12,146,0,10.8,10.6,0.8
鶏卵・全卵・加糖全卵,12,217,20.7,9.8,10.6,0.3
鶏卵・全卵・乾燥全卵,12,608,0.2,49.1,42,1.2
鶏卵・卵黄・生,12,387,0.1,16.5,33.5,0.1
鶏卵・卵黄・ゆで,12,386,0.2,16.7,33.3,0.1
鶏卵・卵黄・加糖卵黄,12,346,20.7,12.1,23.9,0.1
鶏卵・卵黄・乾燥卵黄,12,724,0.2,30.3,62.9,0.2
鶏卵・卵白・生,12,47,0.4,10.5,0,0.5
鶏卵・卵白・ゆで,12,50,0.4,11.3,0.1,0.4
鶏卵・卵白・乾燥卵白,12,378,0.2,86.5,0.4,3.3
鶏卵・たまご豆腐,12,79,2,6.4,5,0.9
鶏卵・たまご焼・厚焼きたまご,12,151,6.4,10.8,9.1,1.1
鶏卵・たまご焼・だし巻きたまご,12,128,0.5,11.2,9,1.2
生乳・ジャージー種,13,80,4.7,3.6,5.1,0.1
生乳・ホルスタイン種,13,66,4.7,3.2,3.7,0.1
普通牛乳,13,67,4.8,3.3,3.8,0.1
加工乳・濃厚,13,73,5.2,3.5,4.2,0.1
加工乳・低脂肪,13,46,5.5,3.8,1,0.2
脱脂乳,13,33,4.7,3.4,0.1,0.1
乳飲料・コーヒー,13,56,7.2,2.2,2,0.1
乳飲料・フルーツ,13,46,9.9,1.2,0.2,0.1
全粉乳,13,500,39.3,25.5,26.2,1.1
脱脂粉乳,13,359,53.3,34,1,1.4
乳児用調製粉乳,13,514,55.9,12.4,26.8,0.4
無糖練乳,13,144,11.2,6.8,7.9,0.4
加糖練乳,13,332,56,7.7,8.5,0.2
クリーム・乳脂肪,13,433,3.1,2,45,0.1
クリーム・乳脂肪・植物性脂肪,13,409,3,4.4,42.1,0.4
クリーム・植物性脂肪,13,392,2.9,6.8,39.2,0.6
ホイップクリーム・乳脂肪,13,425,12.9,1.8,40.7,0.1
ホイップクリーム・乳脂肪・植物性脂肪,13,413,12.9,4,38.4,0.3
ホイップクリーム・植物性脂肪,13,402,12.9,6.3,36.1,0.6
コーヒーホワイトナー・液状・乳脂肪,13,211,5.5,5.2,18.3,0.4
コーヒーホワイトナー・液状・乳脂肪・植物性脂肪,13,228,3.7,4.8,21.6,0.4
コーヒーホワイトナー・液状・植物性脂肪,13,248,1.8,4.3,24.8,0.4
コーヒーホワイトナー・粉末状・乳脂肪,13,518,60.1,7.7,27.6,0.9
コーヒーホワイトナー・粉末状・植物性脂肪,13,568,53.1,2.8,38.3,1.8
ヨーグルト・全脂無糖,13,62,4.9,3.6,3,0.1
ヨーグルト・低脂肪無糖,13,45,5.2,3.7,1,0.1
ヨーグルト・無脂肪無糖,13,42,5.7,4,0.3,0.1
ヨーグルト・脱脂加糖,13,67,11.9,4.3,0.2,0.2
ヨーグルト・ドリンクタイプ・加糖,13,65,12.2,2.9,0.5,0.1
乳酸菌飲料・乳製品,13,71,16.4,1.1,0.1,0
乳酸菌飲料・殺菌乳製品,13,217,52.6,1.5,0.1,0
乳酸菌飲料・非乳製品,13,58,14,0.4,0,0
ナチュラルチーズ・エダム,13,356,1.4,28.9,25,2
ナチュラルチーズ・エメンタール,13,429,1.6,27.3,33.6,1.3
ナチュラルチーズ・カテージ,13,105,1.9,13.3,4.5,1
ナチュラルチーズ・カマンベール,13,310,0.9,19.1,24.7,2
ナチュラルチーズ・クリーム,13,346,2.3,8.2,33,0.7
ナチュラルチーズ・ゴーダ,13,380,1.4,25.8,29,2
ナチュラルチーズ・チェダー,13,423,1.4,25.7,33.8,2
ナチュラルチーズ・パルメザン,13,475,1.9,44,30.8,3.8
ナチュラルチーズ・ブルー,13,349,1,18.8,29,3.8
ナチュラルチーズ・マスカルポーネ,13,293,4.3,4.4,28.2,0.1
ナチュラルチーズ・モッツァレラ,13,276,4.2,18.4,19.9,0.2
ナチュラルチーズ・やぎ,13,296,2.7,20.6,21.7,1.2
ナチュラルチーズ・リコッタ,13,162,6.7,7.1,11.5,0.4
プロセスチーズ,13,339,1.3,22.7,26,2.8
チーズスプレッド,13,305,0.6,15.9,25.7,2.5
アイスクリーム・高脂肪,13,212,22.4,3.5,12,0.2
アイスクリーム・普通脂肪,13,180,23.2,3.9,8,0.3
アイスミルク,13,167,23.9,3.4,6.4,0.2
ラクトアイス・普通脂肪,13,224,22.2,3.1,13.6,0.2
ラクトアイス・低脂肪,13,108,20.6,1.8,2,0.1
ソフトクリーム,13,146,20.1,3.8,5.6,0.2
カゼイン,13,378,0,86.2,1.5,0
シャーベット,13,127,28.7,0.9,1,0
チーズホエーパウダー,13,362,77,12.5,1.2,1.8
人乳,13,65,7.2,1.1,3.5,0
やぎ乳,13,63,4.5,3.1,3.6,0.1
あまに油,14,921,0,0,100,0
えごま油,14,921,0,0,100,0
オリーブ油,14,921,0,0,100,0
ごま油,14,921,0,0,100,0
米ぬか油,14,921,0,0,100,0
サフラワー油・ハイオレイック,14,921,0,0,100,0
サフラワー油・ハイリノール,14,921,0,0,100,0
大豆油,14,921,0,0,100,0
調合油,14,921,0,0,100,0
とうもろこし油,14,921,0,0,100,0
なたね油,14,921,0,0,100,0
パーム油,14,921,0,0,100,0
パーム核油,14,921,0,0,100,0
ひまわり油・ハイリノール,14,921,0,0,100,0
ひまわり油・ミッドオレイック,14,921,0,0,100,0
ひまわり油・ハイオレイック,14,921,0,0,100,0
ぶどう油,14,921,0,0,100,0
綿実油,14,921,0,0,100,0
やし油,14,921,0,0,100,0
落花生油,14,921,0,0,100,0
牛脂,14,940,0,0.2,99.8,0
ラード,14,941,0,0,100,0
有塩バター,14,745,0.2,0.6,81,1.9
食塩不使用バター,14,763,0.2,0.5,83,0
発酵バター,14,752,4.4,0.6,80,1.3
ソフトタイプマーガリン・家庭用,14,769,0.4,0.4,83.1,1.3
ソフトタイプマーガリン・業務用,14,778,0.1,0.3,84.3,1.3
ファットスプレッド,14,637,0,0.2,69.1,1.1
ショートニング・家庭用,14,920,0,0,99.9,0
ショートニング・業務用・製菓,14,921,0,0,99.9,0
ショートニング・業務用・フライ,14,920,0,0,99.9,0
甘納豆・あずき,15,296,67.1,5.6,0.6,0.1
甘納豆・いんげんまめ,15,302,67.6,5.5,1.1,0.2
甘納豆・えんどう,15,310,70.1,5.2,1,0.2
今川焼,15,221,48.5,4.5,1,0.1
ういろう,15,183,44.1,1.1,0.2,0
うぐいすもち,15,241,55.7,3.6,0.4,0.1
かしわもち,15,206,46.7,4,0.4,0.1
カステラ,15,319,63.2,6.2,4.6,0.1
かのこ,15,264,60.4,4.8,0.4,0.1
かるかん,15,230,54.7,2.1,0.3,0
きび団子,15,304,73.5,1.7,0.3,0
ぎゅうひ,15,257,62.5,1.3,0.2,0
きりざんしょ,15,248,59.3,2.1,0.3,0.2
きんぎょく糖,15,288,72,0,0,0
きんつば,15,265,58.6,6,0.7,0.3
草もち,15,229,52.1,4.2,0.4,0
くし団子・あん,15,201,45.5,3.8,0.4,0.1
くし団子・みたらし,15,197,45.2,3.1,0.4,0.6
くずもち・くずでん粉製品,15,91,22.5,0.1,0.1,0
くずもち・小麦でん粉製品,15,91,22.4,0.1,0.1,0
げっぺい,15,357,64.5,5.2,8.7,0.1
五平もち,15,181,41,3,0.5,0.6
桜もち・関東風,15,239,54.3,4.5,0.4,0.1
桜もち・関西風,15,200,46.1,3.4,0.2,0.1
笹だんご,15,239,54.7,3.9,0.5,0.1
大福もち,15,235,52.8,4.8,0.5,0.1
タルト・,15,293,60.8,5.9,2.9,0.1
ちまき,15,153,36.4,1.3,0.2,0
ちゃつう,15,328,66.5,6.2,4.1,0
どら焼,15,284,58.7,6.6,2.5,0.4
生八つ橋・あん入り,15,279,64.3,4.5,0.4,0
ねりきり,15,264,60.1,5.3,0.3,0
まんじゅう・カステラまんじゅう,15,294,63.4,6.6,1.6,0.1
まんじゅう・くずまんじゅう,15,220,51.4,3.1,0.2,0.1
まんじゅう・くりまんじゅう,15,309,68.2,6,1.3,0.1
まんじゅう・とうまんじゅう,15,297,63.4,6.2,2.1,0.1
まんじゅう・蒸しまんじゅう,15,260,59.2,4.9,0.4,0.2
まんじゅう・中華まんじゅう・あんまん,15,280,51.1,6.1,5.7,0
まんじゅう・中華まんじゅう・肉まん,15,260,43.5,10,5.1,1.2
もなか,15,285,65.6,4.8,0.4,0
ゆべし,15,327,71.2,2.4,3.5,0.6
ようかん・練りようかん,15,296,70,3.6,0.2,0
ようかん・水ようかん,15,171,40,2.6,0.1,0.1
ようかん・蒸しようかん,15,242,55.4,4.4,0.3,0.2
あめ玉,15,390,97.5,0,0,0
芋かりんとう,15,476,71.3,1.4,20.5,0
おこし,15,383,90.1,3.8,0.8,0.2
おのろけ豆,15,448,69.8,11.7,13.5,1
かりんとう・黒,15,440,76.3,7.6,11.6,0
かりんとう・白,15,444,76.2,9.7,11.2,0
ごかぼう,15,387,71.6,10.7,6.4,0
小麦粉せんべい・磯部せんべい,15,381,89.3,4.3,0.8,1.3
小麦粉せんべい・かわらせんべい,15,398,84,7.5,3.5,0.3
小麦粉せんべい・巻きせんべい,15,392,90.3,4.3,1.4,0.1
小麦粉せんべい・南部せんべい・ごま入り,15,431,72.3,11.2,10.8,1.1
小麦粉せんべい・南部せんべい・落花生入り,15,428,73.8,11.7,9.6,0.9
しおがま,15,355,85.4,2.7,0.3,1.5
ひなあられ・関東風,15,400,85.3,5.1,4.3,0.2
ひなあられ・関西風,15,398,84.6,7.7,3.1,1.5
米菓・揚げせんべい,15,465,71.2,5.7,17.5,1.2
米菓・甘辛せんべい,15,380,86.3,6.7,0.9,1.2
米菓・あられ,15,381,84.2,7.9,1.4,1.7
米菓・しょうゆせんべい,15,373,83.1,7.8,1,2
ボーロ・小粒,15,391,90.4,2.5,2.2,0.1
ボーロ・そばボーロ,15,406,86.1,7.7,3.4,0.3
松風,15,381,89.7,4,0.7,0.1
みしま豆,15,430,75.6,12.4,8.7,0
八つ橋,15,394,94.2,3.3,0.5,0
らくがん・らくがん,15,389,94.3,2.4,0.2,0
らくがん・麦らくがん,15,397,90.4,4.7,1.8,0
らくがん・もろこしらくがん,15,389,89.3,7.3,0.3,0.3
揚げパン,15,377,43.5,8.7,18.7,1.1
あんパン,15,280,50.2,7.9,5.3,0.7
あんパン・薄皮タイプ,15,260,52.8,6.6,2.4,0.4
カレーパン・皮及び具,15,321,32.3,6.6,18.3,1.2
カレーパン・皮のみ,15,384,38.4,7.2,22.4,1
カレーパン・具のみ,15,180,18.8,5.3,9.3,1.8
クリームパン,15,305,41.4,10.3,10.9,0.9
クリームパン・薄皮タイプ,15,227,32.3,6.6,8,0.4
ジャムパン,15,297,54.5,6.6,5.8,0.8
チョココロネ,15,337,42.8,7.1,15.3,0.9
チョコパン・薄皮タイプ,15,348,39.5,5.5,18.7,0.6
メロンパン,15,366,59.9,8,10.5,0.5
シュークリーム,15,228,25.6,6,11.3,0.2
スポンジケーキ,15,298,53.8,8.1,5.6,0.2
ショートケーキ・果実なし,15,327,43.6,7.1,13.8,0.2
タルト・,15,262,31.4,4.2,13.2,0.2
チーズケーキ・ベイクドチーズケーキ,15,318,23.3,8.5,21.2,0.5
チーズケーキ・レアチーズケーキ,15,364,22.1,5.8,28,0.5
デニッシュペストリー,15,417,41.7,7,24.7,0.9
ドーナッツ・イーストドーナッツ,15,386,43.9,7.2,20.2,0.8
ドーナッツ・ケーキドーナッツ,15,375,60.2,7.2,11.7,0.4
パイ・パイ皮,15,435,25.2,7.7,33.7,1.3
パイ・アップルパイ,15,304,32.7,4,17.5,0.7
パイ・ミートパイ,15,397,22,9.9,29.9,1.6
バターケーキ,15,443,47.9,5.8,25.4,0.6
ホットケーキ,15,261,45.2,7.7,5.4,0.7
ワッフル・カスタードクリーム入り,15,252,38.1,7.3,7.9,0.2
ワッフル・ジャム入り,15,287,57.3,4.8,4.2,0.1
カスタードプリン,15,126,14.7,5.5,5,0.2
牛乳寒天,15,65,12.2,1.1,1.3,0
ゼリー・オレンジ,15,89,19.8,2.1,0.1,0
ゼリー・コーヒー,15,48,10.4,1.6,0,0
ゼリー・ミルク,15,109,14.4,4.3,3.7,0.1
ゼリー・ワイン,15,66,13.3,1.7,0,0
ババロア,15,218,20,5.6,12.8,0.1
ウエハース,15,454,75.3,7.6,13.6,1.2
ウエハース、クリーム入り,15,499,69.4,5.9,22,0.9
クラッカー・オイルスプレークラッカー,15,492,63.9,8.5,22.5,1.5
クラッカー・ソーダクラッカー,15,427,74.4,10.4,9.8,1.9
サブレ,15,465,73,6.1,16.5,0.2
中華風クッキー,15,533,61.9,5.1,29.5,0.2
ビスケット・ハードビスケット,15,432,77.8,7.6,10,0.8
ビスケット・ソフトビスケット,15,522,62.6,5.7,27.6,0.6
プレッツェル,15,480,68.2,9.9,18.6,1.9
リーフパイ,15,566,55.8,5.8,35.6,0.1
ロシアケーキ,15,498,65.7,5.7,23.6,0.5
小麦粉あられ,15,481,68.8,7.6,19.5,1.8
コーンスナック,15,526,65.3,5.2,27.1,1.2
ポテトチップス・ポテトチップス,15,554,54.7,4.7,35.2,1
ポテトチップス・成形ポテトチップス,15,540,57.3,5.8,32,0.9
かわり玉,15,385,99.5,0,0,0
キャラメル,15,433,77.9,4,11.7,0.3
ゼリーキャンデー,15,336,84,0,0,0
ゼリービーンズ,15,362,90.3,0.1,0,0
ドロップ,15,392,98,0,0,0
バタースコッチ,15,423,91.1,0,6.5,0.4
ブリットル,15,521,57.3,13.3,26.5,0.2
マシュマロ,15,326,79.3,2.2,0,0
ラムネ,15,373,92.2,0,0.5,0.2
アーモンドチョコレート,15,583,43.3,11.4,40.4,0.1
カバーリングチョコレート,15,511,63.4,7,25.4,0.4
ホワイトチョコレート,15,588,50.9,7.2,39.5,0.2
ミルクチョコレート,15,558,55.8,6.9,34.1,0.2
マロングラッセ,15,317,77.4,1.1,0.3,0.1
板ガム,15,388,96.9,0,0,0
糖衣ガム,15,390,97.6,0,0,0
風船ガム,15,387,96.7,0,0,0
カスタードクリーム,15,187,24.9,5.1,7.5,0.1
しるこ・こしあん,15,216,48.7,4.7,0.3,0
しるこ・つぶしあん,15,183,40.5,4.2,0.5,0.1
清酒・普通酒,16,109,4.9,0.4,0,0
清酒・純米酒,16,103,3.6,0.4,0,0
清酒・本醸造酒,16,107,4.5,0.4,0,0
清酒・吟醸酒,16,104,3.6,0.3,0,0
清酒・純米吟醸酒,16,103,4.1,0.4,0,0
ビール・淡色,16,40,3.1,0.3,0,0
ビール・黒,16,46,3.6,0.4,0,0
ビール・スタウト,16,63,4.9,0.5,0,0
発泡酒,16,45,3.6,0.1,0,0
ぶどう酒・白,16,73,2,0.1,0,0
ぶどう酒・赤,16,73,1.5,0.2,0,0
ぶどう酒・ロゼ,16,77,4,0.1,0,0
紹興酒,16,127,5.1,1.7,0,0
しょうちゅう・連続式蒸留しょうちゅう,16,206,0,0,0,0
しょうちゅう・単式蒸留しょうちゅう,16,146,0,0,0,0
ウイスキー,16,237,0,0,0,0
ブランデー,16,237,0,0,0,0
ウオッカ,16,240,0,0,0,0
ジン,16,284,0.1,0,0,0
ラム,16,240,0.1,0,0,0
マオタイ酒,16,322,0,0,0,0
梅酒,16,156,20.7,0.1,0,0
合成清酒,16,109,5.3,0.1,0,0
白酒,16,238,48.1,1.9,0,0
みりん・本みりん,16,241,43.2,0.3,0,0
みりん・本直し,16,181,14.4,0.1,0,0
薬味酒,16,182,26.8,0,0,0
キュラソー,16,322,26.4,0,0,0
スイートワイン,16,133,13.4,0.1,0,0
ペパーミント,16,302,37.6,0,0,0
ベルモット・甘口タイプ,16,152,16.4,0.1,0,0
ベルモット・辛口タイプ,16,117,3.7,0.1,0,0
玉露・茶,16,329,43.9,29.1,4.1,0
玉露・浸出液,16,5,0,1.3,0,0
抹茶,16,324,39.5,29.6,5.3,0
せん茶・茶,16,331,47.7,24.5,4.7,0
せん茶・浸出液,16,2,0.2,0.2,0,0
かまいり茶・浸出液,16,0,0,0.1,0,0
番茶・浸出液,16,0,0.1,0,0,0
ほうじ茶・浸出液,16,0,0.1,0,0,0
玄米茶・浸出液,16,0,0,0,0,0
ウーロン茶・浸出液,16,0,0.1,0,0,0
紅茶・茶,16,311,51.7,20.3,2.5,0
紅茶・浸出液,16,1,0.1,0.1,0,0
コーヒー・浸出液,16,4,0.7,0.2,0,0
コーヒー・インスタントコーヒー,16,288,56.5,14.7,0.3,0.1
コーヒー・コーヒー飲料・乳成分入り・加糖,16,38,8.2,0.7,0.3,0.1
ココア・ピュアココア,16,271,42.4,18.5,21.6,0
ココア・ミルクココア,16,412,80.4,7.4,6.8,0.7
青汁・ケール,16,375,70.2,13.8,4.4,0.6
甘酒,16,81,18.3,1.7,0.1,0.2
昆布茶,16,98,42.3,5.7,0.4,48.3
スポーツドリンク,16,21,5.1,0,0,0.1
果実色飲料,16,51,12.8,0,0,0
コーラ,16,46,11.4,0.1,0,0
サイダー,16,41,10.2,0,0,0
ビール風味炭酸飲料,16,5,1.2,0.1,0,0
麦茶・浸出液,16,1,0.3,0,0,0
ウスターソース,17,117,26.8,1,0.1,8.4
中濃ソース,17,132,30.8,0.8,0.1,5.8
濃厚ソース,17,132,30.9,0.9,0.1,5.6
お好み焼きソース,17,148,34.3,1.6,0.1,5.1
トウバンジャン,17,60,7.9,2,2.3,17.8
チリペッパーソース,17,55,5.2,0.7,0.5,1.6
ラー油,17,919,0,0.1,99.8,0
こいくちしょうゆ,17,71,10.1,7.7,0,14.5
うすくちしょうゆ,17,54,7.8,5.7,0,16
たまりしょうゆ,17,111,15.9,11.8,0,13
さいしこみしょうゆ,17,102,15.9,9.6,0,12.4
しろしょうゆ,17,87,19.2,2.5,0,14.2
減塩しょうゆ・こいくち,17,69,9,8.1,0,8.3
だししょうゆ,17,37,5.2,4,0,7.3
照りしょうゆ,17,170,36.3,2.4,0,4
食塩,17,0,0,0,0,99.5
並塩,17,0,0,0,0,97.3
精製塩・家庭用,17,0,0,0,0,99.6
精製塩・業務用,17,0,0,0,0,99.6
黒酢,17,54,9,1,0,0
穀物酢,17,25,2.4,0.1,0,0
米酢,17,46,7.4,0.2,0,0
果実酢・バルサミコ酢,17,99,19.4,0.5,0,0.1
果実酢・ぶどう酢,17,22,1.2,0.1,0,0
果実酢・りんご酢,17,26,2.4,0.1,0,0
かつおだし,17,3,0,0.5,0.1,0.1
昆布だし,17,4,0.9,0.1,0,0.2
かつお・昆布だし,17,2,0.3,0.3,0,0.1
しいたけだし,17,4,0.9,0.1,0,0
煮干しだし,17,1,0,0.1,0.1,0.1
鳥がらだし,17,7,0,1.1,0.2,0.1
中華だし,17,3,0,0.8,0,0.1
洋風だし,17,6,0.3,1.3,0,0.5
固形ブイヨン,17,235,42.1,7,4.3,43.2
顆粒おでん用,17,168,32.2,9.6,0.1,56.1
顆粒中華だし,17,211,36.6,12.6,1.6,47.5
顆粒和風だし,17,224,31.1,24.2,0.3,40.6
めんつゆ・ストレート,17,44,8.7,2.2,0,3.3
めんつゆ・三倍濃厚,17,98,20,4.5,0,9.9
甘酢,17,125,28.4,0.1,0,1.2
エビチリの素,17,55,9.5,1.2,1.4,1.7
オイスターソース,17,107,18.3,7.7,0.3,11.4
黄身酢,17,230,20.3,6.5,13,5.8
ごま酢,17,217,30.2,4,8,1.7
ごまだれ,17,285,30.1,7.4,14.1,4.4
三杯酢,17,86,18.1,0.9,0,2
二杯酢,17,57,8.6,3.5,0,6.5
すし酢・ちらし・稲荷用,17,150,34.9,0.1,0,6.5
すし酢・にぎり用,17,70,14.3,0.2,0,9.8
すし酢・巻き寿司・箱寿司用,17,107,23.8,0.1,0,8.6
中華風合わせ酢,17,151,25.6,3,3.4,5.5
デミグラスソース,17,82,11,2.9,3,1.3
テンメンジャン,17,256,38.1,8.5,7.7,7.3
ナンプラー,17,48,2.7,9.1,0.1,22.9
冷やし中華のたれ,17,57,7.5,2.6,1.5,4
ホワイトソース,17,99,9.2,1.8,6.2,1
ぽん酢しょうゆ,17,47,8.2,3.4,0.1,5.8
マーボー豆腐の素,17,115,10.4,4.2,6.3,3.6
マリネ液,17,68,10.9,0.1,0,0.9
ミートソース,17,101,10.1,3.8,5,1.5
焼き鳥のたれ,17,131,29.6,3.2,0,5.8
焼き肉のたれ,17,169,33.1,4.3,2.2,8.3
みたらしのたれ,17,128,31,0.9,0,1.7
ゆずこしょう,17,49,9.3,1.3,0.8,25.2
トマトピューレー,17,41,9.9,1.9,0.1,0
トマトペースト,17,89,22,3.8,0.1,0.1
トマトケチャップ,17,119,27.4,1.7,0,3.3
トマトソース,17,44,8.5,2,0.2,0.6
チリソース,17,115,26.3,1.8,0.1,3
和風ドレッシングタイプ調味料,17,82,16.1,3.1,0.1,7.4
フレンチドレッシング,17,406,5.9,0.1,41.9,3
和風ドレッシング,17,198,5.1,2.2,18.4,3.7
ごまドレッシング,17,360,21.2,8.5,26.3,2.7
サウザンアイランドドレッシング,17,416,9.2,1,41.4,3.6
マヨネーズ・全卵型,17,703,4.5,1.5,75.3,1.8
マヨネーズ・卵黄型,17,670,1.7,2.8,72.3,2.3
マヨネーズタイプ調味料・低カロリータイプ,17,282,3.3,2.9,28.3,3.9
米みそ・甘みそ,17,217,37.9,9.7,3,6.1
米みそ・淡色辛みそ,17,192,21.9,12.5,6,12.4
米みそ・赤色辛みそ,17,186,21.1,13.1,5.5,13
麦みそ,17,198,30,9.7,4.3,10.7
豆みそ,17,217,14.5,17.2,10.5,10.9
減塩みそ,17,192,24.5,10.8,5.7,10.3
だし入りみそ,17,194,22.4,13.2,5.7,14.1
即席みそ・粉末タイプ,17,343,43,21.9,9.3,20.6
即席みそ・ペーストタイプ,17,131,15.4,8.9,3.7,9.6
辛子酢みそ,17,221,44.6,5,2.1,3.3
ごまみそ,17,258,32.9,9.4,9.9,4
酢みそ,17,216,44.8,4.9,1.5,3.1
練りみそ,17,273,59,5.5,1.7,3.4
カレールウ,17,512,44.7,6.5,34.1,10.7
ハヤシルウ,17,512,47.5,5.8,33.2,10.7
お茶漬けの素・さけ,17,264,37.4,20.3,3.7,33.8
酒かす,17,227,23.8,14.9,1.5,0
即席すまし汁,17,203,30.9,18.1,0.8,45.4
ふりかけ・たまご,17,450,39.9,23.4,21.9,9.2
みりん風調味料,17,226,54.9,0.1,0,0.2
オールスパイス・粉,17,374,75.2,5.6,5.6,0.1
オニオンパウダー,17,364,79.8,8.8,1.1,0.1
からし・粉,17,436,43.7,33,14.3,0.1
からし・練り,17,315,40.1,5.9,14.5,7.4
からし・練りマスタード,17,174,13.1,4.8,10.6,3
からし・粒入りマスタード,17,229,12.7,7.6,16,4.1
カレー粉,17,415,63.3,13,12.2,0.1
クローブ・粉,17,417,66.4,7.2,13.6,0.7
こしょう・黒・粉,17,364,66.6,11,6,0.2
こしょう・白・粉,17,378,70.1,10.1,6.4,0
こしょう・混合・粉,17,371,68.3,10.6,6.2,0.1
さんしょう・粉,17,375,69.6,10.3,6.2,0
シナモン・粉,17,364,79.6,3.6,3.5,0.1
しょうが・粉,17,365,72.5,7.8,4.9,0.1
しょうが・おろし,17,43,8.6,0.7,0.6,1.5
セージ・粉,17,384,66.9,6.4,10.1,0.3
タイム・粉,17,352,69.8,6.5,5.2,0
チリパウダー,17,374,60.1,15,8.2,6.4
とうがらし・粉,17,419,66.8,16.2,9.7,0
ナツメグ・粉,17,559,47.5,5.7,38.5,0
にんにく・ガーリックパウダー・食塩無添加,17,382,73.8,19.9,0.8,0
にんにく・ガーリックパウダー・食塩添加,17,382,73.8,19.9,0.8,8.4
にんにく・おろし,17,171,37,4.7,0.5,4.6
バジル・粉,17,307,50.6,21.1,2.2,0.1
パセリ・乾,17,341,51.6,28.7,2.2,2.2
パプリカ・粉,17,389,55.6,15.5,11.6,0.2
わさび・粉・からし粉入り,17,384,69.7,16.5,4.4,0.1
わさび・練り,17,265,39.8,3.3,10.3,6.1
酵母・パン酵母・圧搾,17,103,12.1,16.5,1.5,0.1
酵母・パン酵母・乾燥,17,313,43.1,37.1,6.8,0.3
天ぷら用バッター,17,137,29.7,3.4,0.5,0.2
ベーキングパウダー,17,127,29,0,1.2,17.3
カレー・ビーフ・レトルトパウチ,18,118,9.8,3.3,7.3,1.3
ぎょうざ・冷凍,18,197,23.8,7.1,8.1,1.2
グラタン・えび・冷凍,18,133,13.3,4.8,6.7,0.9
コーンクリームスープ・粉末タイプ,18,425,67.4,8.1,13.7,7.1
コーンクリームスープ・レトルトパウチ,18,86,8.6,2,4.8,0.7
コロッケ・クリームタイプ・フライ用・冷凍,18,159,20.9,4.7,6.3,0.7
コロッケ・クリームタイプ・フライ済み・冷凍,18,256,22.5,5.1,16.2,0.7
コロッケ・ポテトタイプ・フライ用・冷凍,18,164,25.3,4.6,4.9,0.7
コロッケ・ポテトタイプ・フライ済み・冷凍,18,279,25.6,4.6,17.6,0.7
いかフライ・フライ用・冷凍,18,146,21.4,10.6,2,0.8
いかフライ・フライ済み・冷凍,18,329,24.5,12.1,20.3,0.8
えびフライ・フライ用・冷凍,18,139,20.3,10.2,1.9,0.9
えびフライ・フライ済み・冷凍,18,292,18.1,9.1,20.3,0.9
白身フライ・フライ用・冷凍,18,148,19.3,11.6,2.7,0.9
白身フライ・フライ済み・冷凍,18,300,16.2,9.7,21.8,0.9
シチュー・ビーフ・レトルトパウチ,18,118,7.4,6,7.2,0.7
しゅうまい・冷凍,18,215,19.3,9.3,11.2,1.3
ハンバーグ・冷凍,18,223,12.3,13.3,13.4,1.2
ピラフ・冷凍,18,161,30.1,3.8,2.8,0.9
ミートボール・冷凍,18,244,12.5,11.7,16.4,1.3
メンチカツ・フライ用・冷凍,18,196,23,9.9,7.2,1.1
メンチカツ・フライ済み・冷凍,18,308,21.8,9.4,20.3,1.1
